agency_cd,site_no,datetime,105402_00060_00003,105402_00060_00003_cd
5s,15s,20d,14n,10s
USGS,1435000,1/1/2012,240,0
USGS,1435000,1/2/2012,243,0
USGS,1435000,1/3/2012,205,0
USGS,1435000,1/4/2012,187,0
USGS,1435000,1/5/2012,160,0
USGS,1435000,1/6/2012,176,0
USGS,1435000,1/7/2012,160,0
USGS,1435000,1/8/2012,149,0.01059441
USGS,1435000,1/9/2012,138,0.03178323
USGS,1435000,1/10/2012,132,0.05650352
USGS,1435000,1/11/2012,125,0.10241263
USGS,1435000,1/12/2012,159,0.14479027
USGS,1435000,1/13/2012,194,0.18716791
USGS,1435000,1/14/2012,130,0.22954555
USGS,1435000,1/15/2012,110,0.48027992
USGS,1435000,1/16/2012,110,0.67804224
USGS,1435000,1/17/2012,120,0.82636398
USGS,1435000,1/18/2012,120,0.94290249
USGS,1435000,1/19/2012,110,2.34842755
USGS,1435000,1/20/2012,100,3.30898739
USGS,1435000,1/21/2012,100,3.97290375
USGS,1435000,1/22/2012,100,4.4496522
USGS,1435000,1/23/2012,130,4.79926773
USGS,1435000,1/24/2012,299,5.07119092
USGS,1435000,1/25/2012,190,5.29367353
USGS,1435000,1/26/2012,158,5.48084144
USGS,1435000,1/27/2012,962,5.65388347
USGS,1435000,1/28/2012,608,5.80926815
USGS,1435000,1/29/2012,416,5.96112136
USGS,1435000,1/30/2012,331,8.16122717
USGS,1435000,1/31/2012,283,9.72919985
USGS,1435000,2/1/2012,282,10.77451497
USGS,1435000,2/2/2012,277,11.47374603
USGS,1435000,2/3/2012,233,11.93990007
USGS,1435000,2/4/2012,214,12.25773237
USGS,1435000,2/5/2012,199,12.47315204
USGS,1435000,2/6/2012,185,12.8192361
USGS,1435000,2/7/2012,178,13.05584459
USGS,1435000,2/8/2012,165,13.22182368
USGS,1435000,2/9/2012,155,15.20650982
USGS,1435000,2/10/2012,146,16.60144047
USGS,1435000,2/11/2012,143,17.5514059
USGS,1435000,2/12/2012,129,18.20119638
USGS,1435000,2/13/2012,130,18.66028748
USGS,1435000,2/14/2012,124,19.52196616
USGS,1435000,2/15/2012,121,20.26004339
USGS,1435000,2/16/2012,117,20.76857507
USGS,1435000,2/17/2012,115,21.12172207
USGS,1435000,2/18/2012,107,21.37598791
USGS,1435000,2/19/2012,103,21.55962435
USGS,1435000,2/20/2012,97.8,21.74326079
USGS,1435000,2/21/2012,97.8,21.88098812
USGS,1435000,2/22/2012,96,21.97986928
USGS,1435000,2/23/2012,99.4,22.05756162
USGS,1435000,2/24/2012,103,22.11406514
USGS,1435000,2/25/2012,97.5,23.91511484
USGS,1435000,2/26/2012,87.6,25.08403141
USGS,1435000,2/27/2012,90.2,25.81857717
USGS,1435000,2/28/2012,84.5,26.26001092
USGS,1435000,2/29/2012,83.6,26.51074529
USGS,1435000,3/1/2012,88.1,26.6272838
USGS,1435000,3/2/2012,82.2,26.65553556
USGS,1435000,3/3/2012,102,26.62375233
USGS,1435000,3/4/2012,105,26.54605999
USGS,1435000,3/5/2012,83.1,26.44011589
USGS,1435000,3/6/2012,80,26.3094515
USGS,1435000,3/7/2012,84,26.16112976
USGS,1435000,3/8/2012,137,28.83092108
USGS,1435000,3/9/2012,289,30.14462792
USGS,1435000,3/10/2012,171,30.9709919
USGS,1435000,3/11/2012,147,31.47246064
USGS,1435000,3/12/2012,172,112.0182284
USGS,1435000,3/13/2012,296,37.8926731
USGS,1435000,3/14/2012,395,39.1640023
USGS,1435000,3/15/2012,331,40.0821845
USGS,1435000,3/16/2012,315,41.9891783
USGS,1435000,3/17/2012,317,43.083934
USGS,1435000,3/18/2012,285,43.8255427
USGS,1435000,3/19/2012,310,44.4612073
USGS,1435000,3/20/2012,437,150.8290837
USGS,1435000,3/21/2012,317,337.9263643
USGS,1435000,3/22/2012,265,184.5193075
USGS,1435000,3/23/2012,236,119.2224272
USGS,1435000,3/24/2012,211,58.3398844
USGS,1435000,3/25/2012,195,57.7042198
USGS,1435000,3/26/2012,176,58.2339403
USGS,1435000,3/27/2012,158,58.5517726
USGS,1435000,3/28/2012,157,58.8696049
USGS,1435000,3/29/2012,147,619.419838
USGS,1435000,3/30/2012,136,379.633025
USGS,1435000,3/31/2012,143,234.3836639
USGS,1435000,4/1/2012,149,148.8514605
USGS,1435000,4/2/2012,162,119.9993506
USGS,1435000,4/3/2012,146,109.9346611
USGS,1435000,4/4/2012,132,180.3521729
USGS,1435000,4/5/2012,124,377.514143
USGS,1435000,4/6/2012,117,404.353315
USGS,1435000,4/7/2012,110,511.356856
USGS,1435000,4/8/2012,106,1350.787275
USGS,1435000,4/9/2012,104,1429.185909
USGS,1435000,4/10/2012,98,1258.615908
USGS,1435000,4/11/2012,95.9,1283.689345
USGS,1435000,4/12/2012,92.2,1247.315204
USGS,1435000,4/13/2012,89,832.014332
USGS,1435000,4/14/2012,86,557.97226
USGS,1435000,4/15/2012,85.9,377.514143
USGS,1435000,4/16/2012,84,305.0836933
USGS,1435000,4/17/2012,81.3,211.3584795
USGS,1435000,4/18/2012,80,166.2969223
USGS,1435000,4/19/2012,80,139.6343238
USGS,1435000,4/20/2012,80,209.6633739
USGS,1435000,4/21/2012,80.9,167.2151045
USGS,1435000,4/22/2012,143,139.7402679
USGS,1435000,4/23/2012,482,130.8409635
USGS,1435000,4/24/2012,313,123.7073941
USGS,1435000,4/25/2012,242,118.1276715
USGS,1435000,4/26/2012,208,116.6444541
USGS,1435000,4/27/2012,190,111.7357108
USGS,1435000,4/28/2012,168,107.8510938
USGS,1435000,4/29/2012,153,104.178365
USGS,1435000,4/30/2012,141,100.7175244
USGS,1435000,5/1/2012,156,98.2808101
USGS,1435000,5/2/2012,144,96.0206693
USGS,1435000,5/3/2012,155,93.0542345
USGS,1435000,5/4/2012,189,91.0766113
USGS,1435000,5/5/2012,160,89.4521351
USGS,1435000,5/6/2012,142,89.4168204
USGS,1435000,5/7/2012,135,89.2755616
USGS,1435000,5/8/2012,414,89.0636734
USGS,1435000,5/9/2012,574,88.8517852
USGS,1435000,5/10/2012,390,88.6045823
USGS,1435000,5/11/2012,295,88.5339529
USGS,1435000,5/12/2012,242,88.3926941
USGS,1435000,5/13/2012,212,88.1808059
USGS,1435000,5/14/2012,226,87.933603
USGS,1435000,5/15/2012,1530,87.6157707
USGS,1435000,5/16/2012,903,87.4038825
USGS,1435000,5/17/2012,493,87.4391972
USGS,1435000,5/18/2012,383,87.3332531
USGS,1435000,5/19/2012,308,87.0860502
USGS,1435000,5/20/2012,258,122.6479531
USGS,1435000,5/21/2012,255,719.360439
USGS,1435000,5/22/2012,401,816.122717
USGS,1435000,5/23/2012,744,553.028202
USGS,1435000,5/24/2012,481,355.972176
USGS,1435000,5/25/2012,416,451.675013
USGS,1435000,5/26/2012,345,795.640191
USGS,1435000,5/27/2012,284,575.982757
USGS,1435000,5/28/2012,246,376.807849
USGS,1435000,5/29/2012,337,244.3424093
USGS,1435000,5/30/2012,375,169.6518188
USGS,1435000,5/31/2012,262,173.9248975
USGS,1435000,6/1/2012,227,526.895324
USGS,1435000,6/2/2012,372,441.43375
USGS,1435000,6/3/2012,275,291.3815897
USGS,1435000,6/4/2012,263,194.7958852
USGS,1435000,6/5/2012,237,148.32174
USGS,1435000,6/6/2012,216,127.2035494
USGS,1435000,6/7/2012,199,118.1983009
USGS,1435000,6/8/2012,180,111.8063402
USGS,1435000,6/9/2012,169,105.5556383
USGS,1435000,6/10/2012,159,122.5773237
USGS,1435000,6/11/2012,146,113.2895576
USGS,1435000,6/12/2012,197,109.122423
USGS,1435000,6/13/2012,356,102.3773153
USGS,1435000,6/14/2012,200,97.468572
USGS,1435000,6/15/2012,168,171.1350362
USGS,1435000,6/16/2012,152,747.259052
USGS,1435000,6/17/2012,143,489.461742
USGS,1435000,6/18/2012,134,320.4102731
USGS,1435000,6/19/2012,128,300.6340411
USGS,1435000,6/20/2012,119,235.1252726
USGS,1435000,6/21/2012,108,208.5333035
USGS,1435000,6/22/2012,102,478.514185
USGS,1435000,6/23/2012,97,316.7375443
USGS,1435000,6/24/2012,90.8,211.181906
USGS,1435000,6/25/2012,96.6,160.1168498
USGS,1435000,6/26/2012,88.5,133.136419
USGS,1435000,6/27/2012,84.2,123.4601912
USGS,1435000,6/28/2012,80,127.8745287
USGS,1435000,6/29/2012,77,124.8021498
USGS,1435000,6/30/2012,73,118.1276715
USGS,1435000,7/1/2012,70,110.1112346
USGS,1435000,7/2/2012,67,104.0724209
USGS,1435000,7/3/2012,63,99.1283629
USGS,1435000,7/4/2012,60,97.1507397
USGS,1435000,7/5/2012,62,92.5598287
USGS,1435000,7/6/2012,57,92.3126258
USGS,1435000,7/7/2012,53,104.884659
USGS,1435000,7/8/2012,50,96.8682221
USGS,1435000,7/9/2012,48,101.6357066
USGS,1435000,7/10/2012,46,99.2696217
USGS,1435000,7/11/2012,44.2,93.4780109
USGS,1435000,7/12/2012,42.8,92.0301082
USGS,1435000,7/13/2012,40.8,91.6416465
USGS,1435000,7/14/2012,40.1,91.2531848
USGS,1435000,7/15/2012,61.8,90.7940937
USGS,1435000,7/16/2012,62.4,92.877661
USGS,1435000,7/17/2012,45,90.758779
USGS,1435000,7/18/2012,39.5,90.4409467
USGS,1435000,7/19/2012,36.9,90.0171703
USGS,1435000,7/20/2012,51.1,89.4874498
USGS,1435000,7/21/2012,47.9,88.8870999
USGS,1435000,7/22/2012,38.9,88.2514353
USGS,1435000,7/23/2012,54.6,87.580456
USGS,1435000,7/24/2012,54.1,86.8388473
USGS,1435000,7/25/2012,40.8,164.213355
USGS,1435000,7/26/2012,46.1,112.7951518
USGS,1435000,7/27/2012,47.8,93.937102
USGS,1435000,7/28/2012,62.6,87.8629736
USGS,1435000,7/29/2012,81.6,87.7217148
USGS,1435000,7/30/2012,57.1,87.3332531
USGS,1435000,7/31/2012,45.3,86.8035326
USGS,1435000,8/1/2012,40.8,86.2031827
USGS,1435000,8/2/2012,37.6,86.521015
USGS,1435000,8/3/2012,34.6,315.713418
USGS,1435000,8/4/2012,32.4,186.2144131
USGS,1435000,8/5/2012,35.7,123.6720794
USGS,1435000,8/6/2012,44.6,102.9776652
USGS,1435000,8/7/2012,34.7,92.1360523
USGS,1435000,8/8/2012,30.8,88.1101765
USGS,1435000,8/9/2012,29.3,88.1454912
USGS,1435000,8/10/2012,34.3,87.8629736
USGS,1435000,8/11/2012,151,87.933603
USGS,1435000,8/12/2012,85,87.7217148
USGS,1435000,8/13/2012,47.2,87.2979384
USGS,1435000,8/14/2012,39.6,86.7682179
USGS,1435000,8/15/2012,81.9,86.1325533
USGS,1435000,8/16/2012,59.4,85.4262593
USGS,1435000,8/17/2012,45.6,84.6846506
USGS,1435000,8/18/2012,44.2,83.9077272
USGS,1435000,8/19/2012,38.4,83.2720626
USGS,1435000,8/20/2012,37.2,82.5304539
USGS,1435000,8/21/2012,45.1,81.7888452
USGS,1435000,8/22/2012,37.6,81.0472365
USGS,1435000,8/23/2012,35.8,80.2703131
USGS,1435000,8/24/2012,32.4,79.458075
USGS,1435000,8/25/2012,31.2,78.6458369
USGS,1435000,8/26/2012,30,78.0101723
USGS,1435000,8/27/2012,30.5,77.3038783
USGS,1435000,8/28/2012,65,76.5269549
USGS,1435000,8/29/2012,47.3,75.6794021
USGS,1435000,8/30/2012,36.2,75.1496816
USGS,1435000,8/31/2012,31.8,74.4787023
USGS,1435000,9/1/2012,29,73.7017789
USGS,1435000,9/2/2012,27.8,72.8189114
USGS,1435000,9/3/2012,27.5,71.9360439
USGS,1435000,9/4/2012,30.2,71.0178617
USGS,1435000,9/5/2012,188,70.0290501
USGS,1435000,9/6/2012,84.5,69.0755532
USGS,1435000,9/7/2012,55.8,68.0514269
USGS,1435000,9/8/2012,85.5,67.0626153
USGS,1435000,9/9/2012,122,66.038489
USGS,1435000,9/10/2012,70.1,65.0143627
USGS,1435000,9/11/2012,56.4,63.9902364
USGS,1435000,9/12/2012,49.9,62.9661101
USGS,1435000,9/13/2012,46.6,97.0094809
USGS,1435000,9/14/2012,44.5,65.4381391
USGS,1435000,9/15/2012,43.5,65.6500273
USGS,1435000,9/16/2012,42,65.4734538
USGS,1435000,9/17/2012,40.6,65.0143627
USGS,1435000,9/18/2012,3410,64.4140128
USGS,1435000,9/19/2012,1480,271.2522107
USGS,1435000,9/20/2012,459,188.9689597
USGS,1435000,9/21/2012,282,84.9671682
USGS,1435000,9/22/2012,236,69.3933855
USGS,1435000,9/23/2012,266,69.8171619
USGS,1435000,9/24/2012,187,318.6445381
USGS,1435000,9/25/2012,160,176.6441294
USGS,1435000,9/26/2012,153,105.590953
USGS,1435000,9/27/2012,145,78.2220605
USGS,1435000,9/28/2012,531,74.9377934
USGS,1435000,9/29/2012,446,74.9024787
USGS,1435000,9/30/2012,287,74.7259052
USGS,1435000,10/1/2012,234,74.4080729
USGS,1435000,10/2/2012,218,74.0196112
USGS,1435000,10/3/2012,226,73.5958348
USGS,1435000,10/4/2012,222,73.1367437
USGS,1435000,10/5/2012,235,72.6776526
USGS,1435000,10/6/2012,196,72.2185615
USGS,1435000,10/7/2012,178,71.7241557
USGS,1435000,10/8/2012,168,71.2297499
USGS,1435000,10/9/2012,157,70.7353441
USGS,1435000,10/10/2012,171,70.2056236
USGS,1435000,10/11/2012,174,69.6759031
USGS,1435000,10/12/2012,152,69.1461826
USGS,1435000,10/13/2012,141,68.5811474
USGS,1435000,10/14/2012,145,68.2986298
USGS,1435000,10/15/2012,147,67.9807975
USGS,1435000,10/16/2012,156,67.6276505
USGS,1435000,10/17/2012,138,67.1685594
USGS,1435000,10/18/2012,130,66.6388389
USGS,1435000,10/19/2012,1050,66.038489
USGS,1435000,10/20/2012,819,65.4381391
USGS,1435000,10/21/2012,412,64.8024745
USGS,1435000,10/22/2012,302,64.0961805
USGS,1435000,10/23/2012,291,64.4140128
USGS,1435000,10/24/2012,334,64.3786981
USGS,1435000,10/25/2012,281,64.0961805
USGS,1435000,10/26/2012,243,63.7077188
USGS,1435000,10/27/2012,220,63.1779983
USGS,1435000,10/28/2012,201,62.5776484
USGS,1435000,10/29/2012,243,61.9419838
USGS,1435000,10/30/2012,916,61.4122633
USGS,1435000,10/31/2012,758,60.8472281
USGS,1435000,11/1/2012,477,60.1762488
USGS,1435000,11/2/2012,367,60.388137
USGS,1435000,11/3/2012,306,60.2468782
USGS,1435000,11/4/2012,264,59.9996753
USGS,1435000,11/5/2012,233,59.6112136
USGS,1435000,11/6/2012,209,59.0461784
USGS,1435000,11/7/2012,192,58.4458285
USGS,1435000,11/8/2012,176,57.8101639
USGS,1435000,11/9/2012,161,57.1038699
USGS,1435000,11/10/2012,152,56.3975759
USGS,1435000,11/11/2012,143,55.6912819
USGS,1435000,11/12/2012,137,54.9496732
USGS,1435000,11/13/2012,229,54.2080645
USGS,1435000,11/14/2012,186,53.4664558
USGS,1435000,11/15/2012,155,52.7248471
USGS,1435000,11/16/2012,144,51.9832384
USGS,1435000,11/17/2012,136,51.2416297
USGS,1435000,11/18/2012,130,50.500021
USGS,1435000,11/19/2012,126,50.2528181
USGS,1435000,11/20/2012,122,49.8290417
USGS,1435000,11/21/2012,118,49.2993212
USGS,1435000,11/22/2012,114,48.6989713
USGS,1435000,11/23/2012,111,48.1339361
USGS,1435000,11/24/2012,108,48.9108595
USGS,1435000,11/25/2012,104,49.1933771
USGS,1435000,11/26/2012,97.9,49.1227477
USGS,1435000,11/27/2012,96.2,49.087433
USGS,1435000,11/28/2012,92.1,50.853168
USGS,1435000,11/29/2012,88.7,176.8913323
USGS,1435000,11/30/2012,86.3,83.3073773
USGS,1435000,12/1/2012,85.5,56.4682053
USGS,1435000,12/2/2012,87.2,56.9272964
USGS,1435000,12/3/2012,108,57.0685552
USGS,1435000,12/4/2012,93.6,56.9979258
USGS,1435000,12/5/2012,88.2,56.7507229
USGS,1435000,12/6/2012,83,56.4328906
USGS,1435000,12/7/2012,81.8,57.209814
USGS,1435000,12/8/2012,107,57.562961
USGS,1435000,12/9/2012,105,57.6335904
USGS,1435000,12/10/2012,129,57.5276463
USGS,1435000,12/11/2012,175,57.3157581
USGS,1435000,12/12/2012,135,60.2115635
USGS,1435000,12/13/2012,122,170.8172039
USGS,1435000,12/14/2012,116,83.5545802
USGS,1435000,12/15/2012,112,63.7430335
USGS,1435000,12/16/2012,111,167.6388809
USGS,1435000,12/17/2012,127,387.049112
USGS,1435000,12/18/2012,389,227.0028916
USGS,1435000,12/19/2012,264,145.6731375
USGS,1435000,12/20/2012,201,94.8905989
USGS,1435000,12/21/2012,1010,72.2891909
USGS,1435000,12/22/2012,621,72.8189114
USGS,1435000,12/23/2012,357,73.7370936
USGS,1435000,12/24/2012,276,74.1255553
USGS,1435000,12/25/2012,234,74.1255553
USGS,1435000,12/26/2012,204,74.0196112
USGS,1435000,12/27/2012,203,73.8430377
USGS,1435000,12/28/2012,178,73.5958348
USGS,1435000,12/29/2012,167,73.3486319
USGS,1435000,12/30/2012,154,73.101429
USGS,1435000,12/31/2012,145,72.8189114
USGS,1435000,1/1/2013,138,72.5363938
USGS,1435000,1/2/2013,126,72.2185615
USGS,1435000,1/3/2013,120,71.9007292
USGS,1435000,1/4/2013,125,71.5475822
USGS,1435000,1/5/2013,116,126.7091436
USGS,1435000,1/6/2013,112,79.7405926
USGS,1435000,1/7/2013,108,74.5493317
USGS,1435000,1/8/2013,103,74.867164
USGS,1435000,1/9/2013,101,74.9377934
USGS,1435000,1/10/2013,97.4,75.2909404
USGS,1435000,1/11/2013,97.2,75.4321992
USGS,1435000,1/12/2013,123,75.3615698
USGS,1435000,1/13/2013,148,75.1496816
USGS,1435000,1/14/2013,283,74.867164
USGS,1435000,1/15/2013,249,74.514017
USGS,1435000,1/16/2013,197,74.0902406
USGS,1435000,1/17/2013,171,73.5958348
USGS,1435000,1/18/2013,147,73.101429
USGS,1435000,1/19/2013,145,72.5717085
USGS,1435000,1/20/2013,142,72.0066733
USGS,1435000,1/21/2013,126,71.4063234
USGS,1435000,1/22/2013,120,70.8059735
USGS,1435000,1/23/2013,118,70.8766029
USGS,1435000,1/24/2013,125,70.6647147
USGS,1435000,1/25/2013,123,70.3115677
USGS,1435000,1/26/2013,121,69.9937354
USGS,1435000,1/27/2013,117,70.2056236
USGS,1435000,1/28/2013,113,129.958096
USGS,1435000,1/29/2013,113,258.3976599
USGS,1435000,1/30/2013,231,146.9444667
USGS,1435000,1/31/2013,1190,177.3857381
USGS,1435000,2/1/2013,439,110.7822139
USGS,1435000,2/2/2013,280,76.8447872
USGS,1435000,2/3/2013,219,77.1626195
USGS,1435000,2/4/2013,189,77.1626195
USGS,1435000,2/5/2013,176,76.986046
USGS,1435000,2/6/2013,164,76.7035284
USGS,1435000,2/7/2013,163,76.3150667
USGS,1435000,2/8/2013,142,75.8559756
USGS,1435000,2/9/2013,136,131.0881664
USGS,1435000,2/10/2013,134,80.7294042
USGS,1435000,2/11/2013,131,78.0101723
USGS,1435000,2/12/2013,127,78.0808017
USGS,1435000,2/13/2013,116,77.9395429
USGS,1435000,2/14/2013,112,77.6570253
USGS,1435000,2/15/2013,116,77.3038783
USGS,1435000,2/16/2013,119,76.9154166
USGS,1435000,2/17/2013,108,76.4916402
USGS,1435000,2/18/2013,108,76.0678638
USGS,1435000,2/19/2013,103,76.5269549
USGS,1435000,2/20/2013,105,173.1479741
USGS,1435000,2/21/2013,104,103.8958474
USGS,1435000,2/22/2013,101,78.8224104
USGS,1435000,2/23/2013,90.5,78.9989839
USGS,1435000,2/24/2013,88.9,79.5287044
USGS,1435000,2/25/2013,83,145.7084522
USGS,1435000,2/26/2013,79.5,106.7563381
USGS,1435000,2/27/2013,104,87.4038825
USGS,1435000,2/28/2013,122,81.9654187
USGS,1435000,3/1/2013,98,82.0007334
USGS,1435000,3/2/2013,88.5,341.7756666
USGS,1435000,3/3/2013,83.6,203.5892455
USGS,1435000,3/4/2013,76.8,131.6885163
USGS,1435000,3/5/2013,73.5,106.1913029
USGS,1435000,3/6/2013,72.4,123.4601912
USGS,1435000,3/7/2013,70.4,99.7993422
USGS,1435000,3/8/2013,71,97.5392014
USGS,1435000,3/9/2013,70.8,149.0633487
USGS,1435000,3/10/2013,76,103.5073857
USGS,1435000,3/11/2013,81.9,94.5374519
USGS,1435000,3/12/2013,1430,86.9801061
USGS,1435000,3/13/2013,873,86.9801061
USGS,1435000,3/14/2013,388,86.8388473
USGS,1435000,3/15/2013,264,86.6269591
USGS,1435000,3/16/2013,220,86.2738121
USGS,1435000,3/17/2013,185,146.7325785
USGS,1435000,3/18/2013,172,102.3773153
USGS,1435000,3/19/2013,166,368.332321
USGS,1435000,3/20/2013,146,241.5172333
USGS,1435000,3/21/2013,143,158.7395765
USGS,1435000,3/22/2013,127,115.4084396
USGS,1435000,3/23/2013,119,102.5185741
USGS,1435000,3/24/2013,115,143.6955143
USGS,1435000,3/25/2013,113,873.685678
USGS,1435000,3/26/2013,110,691.108679
USGS,1435000,3/27/2013,106,452.381307
USGS,1435000,3/28/2013,105,294.6658568
USGS,1435000,3/29/2013,101,329.9805568
USGS,1435000,3/30/2013,102,265.4605999
USGS,1435000,3/31/2013,117,195.8906409
USGS,1435000,4/1/2013,191,148.8514605
USGS,1435000,4/2/2013,151,192.6063738
USGS,1435000,4/3/2013,120,147.4035578
USGS,1435000,4/4/2013,112,125.2612409
USGS,1435000,4/5/2013,120,116.7857129
USGS,1435000,4/6/2013,126,109.7934023
USGS,1435000,4/7/2013,121,111.6650814
USGS,1435000,4/8/2013,152,146.8032079
USGS,1435000,4/9/2013,274,122.3301208
USGS,1435000,4/10/2013,635,112.8304665
USGS,1435000,4/11/2013,653,105.9441
USGS,1435000,4/12/2013,516,212.6298087
USGS,1435000,4/13/2013,462,690.402385
USGS,1435000,4/14/2013,340,694.287002
USGS,1435000,4/15/2013,274,461.209982
USGS,1435000,4/16/2013,274,305.7899873
USGS,1435000,4/17/2013,333,214.5368025
USGS,1435000,4/18/2013,271,166.4734958
USGS,1435000,4/19/2013,315,134.3371188
USGS,1435000,4/20/2013,826,123.5661353
USGS,1435000,4/21/2013,394,137.0916654
USGS,1435000,4/22/2013,305,123.0364148
USGS,1435000,4/23/2013,264,114.5608868
USGS,1435000,4/24/2013,236,191.1584711
USGS,1435000,4/25/2013,213,146.1322286
USGS,1435000,4/26/2013,192,123.7427088
USGS,1435000,4/27/2013,175,825.304539
USGS,1435000,4/28/2013,164,633.545718
USGS,1435000,4/29/2013,168,521.598119
USGS,1435000,4/30/2013,173,347.496648
USGS,1435000,5/1/2013,149,415.300872
USGS,1435000,5/2/2013,138,278.3151507
USGS,1435000,5/3/2013,130,197.76232
USGS,1435000,5/4/2013,122,155.031533
USGS,1435000,5/5/2013,117,133.842713
USGS,1435000,5/6/2013,112,129.1458579
USGS,1435000,5/7/2013,108,120.9881622
USGS,1435000,5/8/2013,207,126.2147378
USGS,1435000,5/9/2013,228,117.6332657
USGS,1435000,5/10/2013,158,110.9587874
USGS,1435000,5/11/2013,258,259.3511568
USGS,1435000,5/12/2013,301,797.405926
USGS,1435000,5/13/2013,211,570.685552
USGS,1435000,5/14/2013,182,381.39876
USGS,1435000,5/15/2013,170,253.6301754
USGS,1435000,5/16/2013,156,197.6210612
USGS,1435000,5/17/2013,140,689.696091
USGS,1435000,5/18/2013,133,459.797394
USGS,1435000,5/19/2013,138,308.8976809
USGS,1435000,5/20/2013,141,219.1630282
USGS,1435000,5/21/2013,123,168.7336366
USGS,1435000,5/22/2013,164,139.493065
USGS,1435000,5/23/2013,205,184.9077692
USGS,1435000,5/24/2013,497,147.615446
USGS,1435000,5/25/2013,495,132.5360691
USGS,1435000,5/26/2013,481,171.276295
USGS,1435000,5/27/2013,322,392.699464
USGS,1435000,5/28/2013,268,610.94431
USGS,1435000,5/29/2013,328,544.199527
USGS,1435000,5/30/2013,323,495.818388
USGS,1435000,5/31/2013,240,332.311327
USGS,1435000,6/1/2013,204,232.8651318
USGS,1435000,6/2/2013,197,179.8930818
USGS,1435000,6/3/2013,186,153.5836303
USGS,1435000,6/4/2013,158,256.8438131
USGS,1435000,6/5/2013,143,921.360523
USGS,1435000,6/6/2013,135,683.339445
USGS,1435000,6/7/2013,235,458.031659
USGS,1435000,6/8/2013,367,310.063066
USGS,1435000,6/9/2013,211,213.5126762
USGS,1435000,6/10/2013,323,167.4976221
USGS,1435000,6/11/2013,1180,182.5063696
USGS,1435000,6/12/2013,623,154.5724419
USGS,1435000,6/13/2013,817,342.905737
USGS,1435000,6/14/2013,1270,395.171493
USGS,1435000,6/15/2013,743,425.895282
USGS,1435000,6/16/2013,462,293.6417305
USGS,1435000,6/17/2013,358,213.7598791
USGS,1435000,6/18/2013,301,168.3098602
USGS,1435000,6/19/2013,259,143.2011085
USGS,1435000,6/20/2013,217,133.4542513
USGS,1435000,6/21/2013,192,242.0116391
USGS,1435000,6/22/2013,172,254.4424135
USGS,1435000,6/23/2013,156,190.4521771
USGS,1435000,6/24/2013,143,165.4493695
USGS,1435000,6/25/2013,133,221.2112808
USGS,1435000,6/26/2013,124,183.2126636
USGS,1435000,6/27/2013,119,148.7102017
USGS,1435000,6/28/2013,311,133.5955101
USGS,1435000,6/29/2013,176,126.0381643
USGS,1435000,6/30/2013,137,119.1517978
USGS,1435000,7/1/2013,210,112.9364106
USGS,1435000,7/2/2013,336,107.6392056
USGS,1435000,7/3/2013,317,125.1906115
USGS,1435000,7/4/2013,220,115.6203278
USGS,1435000,7/5/2013,173,107.6392056
USGS,1435000,7/6/2013,148,101.6357066
USGS,1435000,7/7/2013,134,96.4797604
USGS,1435000,7/8/2013,121,103.4367563
USGS,1435000,7/9/2013,130,96.5150751
USGS,1435000,7/10/2013,142,92.7010875
USGS,1435000,7/11/2013,119,92.4185699
USGS,1435000,7/12/2013,94.6,91.9947935
USGS,1435000,7/13/2013,95.3,91.465073
USGS,1435000,7/14/2013,89.5,90.8647231
USGS,1435000,7/15/2013,77.5,90.2643732
USGS,1435000,7/16/2013,69.4,89.6640233
USGS,1435000,7/17/2013,63.4,89.6640233
USGS,1435000,7/18/2013,63.5,407.531638
USGS,1435000,7/19/2013,73.8,256.3494073
USGS,1435000,7/20/2013,72.7,161.7766407
USGS,1435000,7/21/2013,68.8,114.066481
USGS,1435000,7/22/2013,68.9,131.723831
USGS,1435000,7/23/2013,90.7,104.9906031
USGS,1435000,7/24/2013,70.5,96.1266134
USGS,1435000,7/25/2013,60.8,91.0766113
USGS,1435000,7/26/2013,57.5,90.6175202
USGS,1435000,7/27/2013,55,154.9609036
USGS,1435000,7/28/2013,76.6,110.9941021
USGS,1435000,7/29/2013,71.3,100.1171745
USGS,1435000,7/30/2013,56.8,91.9594788
USGS,1435000,7/31/2013,52.7,90.7940937
USGS,1435000,8/1/2013,75,90.4762614
USGS,1435000,8/2/2013,95.8,90.0171703
USGS,1435000,8/3/2013,63.7,89.4874498
USGS,1435000,8/4/2013,54,124.307744
USGS,1435000,8/5/2013,49.1,103.1895534
USGS,1435000,8/6/2013,45.8,94.2549343
USGS,1435000,8/7/2013,47.2,89.9112262
USGS,1435000,8/8/2013,71,89.6287086
USGS,1435000,8/9/2013,506,89.2049322
USGS,1435000,8/10/2013,278,88.6752117
USGS,1435000,8/11/2013,135,88.0748618
USGS,1435000,8/12/2013,102,87.4391972
USGS,1435000,8/13/2013,95.8,86.7329032
USGS,1435000,8/14/2013,89.9,86.4857003
USGS,1435000,8/15/2013,77.5,86.3797562
USGS,1435000,8/16/2013,71,90.5468908
USGS,1435000,8/17/2013,67.2,86.7682179
USGS,1435000,8/18/2013,64.5,86.521015
USGS,1435000,8/19/2013,62.6,208.1801565
USGS,1435000,8/20/2013,59.5,121.7297709
USGS,1435000,8/21/2013,56.5,89.6640233
USGS,1435000,8/22/2013,55.1,87.4745119
USGS,1435000,8/23/2013,55.1,738.430377
USGS,1435000,8/24/2013,50.9,469.68551
USGS,1435000,8/25/2013,48.2,292.7235483
USGS,1435000,8/26/2013,49.5,183.0360901
USGS,1435000,8/27/2013,126,127.3801229
USGS,1435000,8/28/2013,97.2,462.975717
USGS,1435000,8/29/2013,86.7,293.3592129
USGS,1435000,8/30/2013,67.9,187.2032247
USGS,1435000,8/31/2013,59.3,134.19586
USGS,1435000,9/1/2013,57.2,111.0294168
USGS,1435000,9/2/2013,62.6,103.5073857
USGS,1435000,9/3/2013,97,102.0947977
USGS,1435000,9/4/2013,69.2,94.0077314
USGS,1435000,9/5/2013,57.4,90.4409467
USGS,1435000,9/6/2013,53.2,90.1231144
USGS,1435000,9/7/2013,51.1,89.6640233
USGS,1435000,9/8/2013,48.5,89.0636734
USGS,1435000,9/9/2013,46.7,88.4986382
USGS,1435000,9/10/2013,48.7,87.8982883
USGS,1435000,9/11/2013,54.5,87.2979384
USGS,1435000,9/12/2013,79.5,86.6975885
USGS,1435000,9/13/2013,104,86.0619239
USGS,1435000,9/14/2013,67.1,85.814721
USGS,1435000,9/15/2013,57,85.5322034
USGS,1435000,9/16/2013,52.8,85.1437417
USGS,1435000,9/17/2013,50.2,84.6493359
USGS,1435000,9/18/2013,47.5,84.048986
USGS,1435000,9/19/2013,46.5,83.4133214
USGS,1435000,9/20/2013,45.2,82.8482862
USGS,1435000,9/21/2013,45.3,91.6416465
USGS,1435000,9/22/2013,63.6,83.7664684
USGS,1435000,9/23/2013,49.9,83.695839
USGS,1435000,9/24/2013,45.1,83.3780067
USGS,1435000,9/25/2013,43.5,83.0954891
USGS,1435000,9/26/2013,42.6,561.50373
USGS,1435000,9/27/2013,42.2,356.67847
USGS,1435000,9/28/2013,41.8,209.3102269
USGS,1435000,9/29/2013,41.1,134.4430629
USGS,1435000,9/30/2013,40.8,94.5374519
USGS,1435000,10/1/2013,37.4,97.7157749
USGS,1435000,10/2/2013,36.8,88.3573794
USGS,1435000,10/3/2013,36.6,93.2661227
USGS,1435000,10/4/2013,36.6,89.346191
USGS,1435000,10/5/2013,45.7,87.0507355
USGS,1435000,10/6/2013,46.8,86.874162
USGS,1435000,10/7/2013,77.1,86.4503856
USGS,1435000,10/8/2013,100,85.9206651
USGS,1435000,10/9/2013,60.3,85.7794063
USGS,1435000,10/10/2013,52.6,584.811432
USGS,1435000,10/11/2013,46.5,722.538762
USGS,1435000,10/12/2013,43.5,517.007208
USGS,1435000,10/13/2013,42,325.7074781
USGS,1435000,10/14/2013,41.1,200.940643
USGS,1435000,10/15/2013,40.9,673.098182
USGS,1435000,10/16/2013,40.8,453.793895
USGS,1435000,10/17/2013,41,290.3574634
USGS,1435000,10/18/2013,61.7,200.3756078
USGS,1435000,10/19/2013,51,144.9668435
USGS,1435000,10/20/2013,46.3,116.8563423
USGS,1435000,10/21/2013,43.7,106.6150793
USGS,1435000,10/22/2013,42.7,99.1989923
USGS,1435000,10/23/2013,42.2,93.0189198
USGS,1435000,10/24/2013,41.5,92.2419964
USGS,1435000,10/25/2013,40.5,382.811348
USGS,1435000,10/26/2013,40.3,243.0357654
USGS,1435000,10/27/2013,39.5,166.6147546
USGS,1435000,10/28/2013,39.4,124.1664852
USGS,1435000,10/29/2013,39.1,111.6650814
USGS,1435000,10/30/2013,38.4,103.118924
USGS,1435000,10/31/2013,53,98.5633277
USGS,1435000,11/1/2013,310,93.9017873
USGS,1435000,11/2/2013,198,91.0766113
USGS,1435000,11/3/2013,129,90.8294084
USGS,1435000,11/4/2013,106,90.9000378
USGS,1435000,11/5/2013,96.3,343.2235693
USGS,1435000,11/6/2013,91.1,218.3154754
USGS,1435000,11/7/2013,112,153.972092
USGS,1435000,11/8/2013,116,116.891657
USGS,1435000,11/9/2013,99.8,122.6479531
USGS,1435000,11/10/2013,94.5,162.2710465
USGS,1435000,11/11/2013,90.3,333.5826562
USGS,1435000,11/12/2013,86.7,283.223894
USGS,1435000,11/13/2013,82.3,184.2721046
USGS,1435000,11/14/2013,80.7,136.7738331
USGS,1435000,11/15/2013,79.5,299.115509
USGS,1435000,11/16/2013,77,581.633109
USGS,1435000,11/17/2013,79.4,584.458285
USGS,1435000,11/18/2013,233,385.636524
USGS,1435000,11/19/2013,167,254.0539518
USGS,1435000,11/20/2013,127,193.8070736
USGS,1435000,11/21/2013,116,290.7106104
USGS,1435000,11/22/2013,125,238.9392602
USGS,1435000,11/23/2013,125,174.7018209
USGS,1435000,11/24/2013,110,139.5636944
USGS,1435000,11/25/2013,103,128.0511022
USGS,1435000,11/26/2013,107,119.363686
USGS,1435000,11/27/2013,1110,112.6185783
USGS,1435000,11/28/2013,530,106.7563381
USGS,1435000,11/29/2013,324,109.1577377
USGS,1435000,11/30/2013,252,103.0482946
USGS,1435000,12/1/2013,227,98.0336072
USGS,1435000,12/2/2013,206,93.5133256
USGS,1435000,12/3/2013,188,92.3479405
USGS,1435000,12/4/2013,174,91.9594788
USGS,1435000,12/5/2013,188,91.3944436
USGS,1435000,12/6/2013,276,90.7940937
USGS,1435000,12/7/2013,239,90.2290585
USGS,1435000,12/8/2013,194,89.6287086
USGS,1435000,12/9/2013,185,89.0283587
USGS,1435000,12/10/2013,179,396.584081
USGS,1435000,12/11/2013,161,371.863791
USGS,1435000,12/12/2013,141,299.2567678
USGS,1435000,12/13/2013,135,462.62257
USGS,1435000,12/14/2013,138,298.2326415
USGS,1435000,12/15/2013,146,185.9672102
USGS,1435000,12/16/2013,129,133.4542513
USGS,1435000,12/17/2013,122,112.9717253
USGS,1435000,12/18/2013,130,103.7192739
USGS,1435000,12/19/2013,127,162.2710465
USGS,1435000,12/20/2013,123,120.2112388
USGS,1435000,12/21/2013,225,109.7227729
USGS,1435000,12/22/2013,778,103.472071
USGS,1435000,12/23/2013,894,96.409131
USGS,1435000,12/24/2013,595,91.2178701
USGS,1435000,12/25/2013,383,90.9353525
USGS,1435000,12/26/2013,310,90.4762614
USGS,1435000,12/27/2013,267,89.9465409
USGS,1435000,12/28/2013,237,89.4168204
USGS,1435000,12/29/2013,310,88.8517852
USGS,1435000,12/30/2013,405,88.4633235
USGS,1435000,12/31/2013,248,501.115593
USGS,1435000,1/1/2014,220,314.4420888
USGS,1435000,1/2/2014,211,194.6193117
USGS,1435000,1/3/2014,192,136.2087979
USGS,1435000,1/4/2014,194,108.3454996
USGS,1435000,1/5/2014,214,98.0689219
USGS,1435000,1/6/2014,947,90.3350026
USGS,1435000,1/7/2014,499,89.7699674
USGS,1435000,1/8/2014,373,92.2419964
USGS,1435000,1/9/2014,320,89.8405968
USGS,1435000,1/10/2014,276,89.5580792
USGS,1435000,1/11/2014,1360,89.1343028
USGS,1435000,1/12/2014,1140,88.6752117
USGS,1435000,1/13/2014,547,88.1454912
USGS,1435000,1/14/2014,493,87.5451413
USGS,1435000,1/15/2014,453,86.9447914
USGS,1435000,1/16/2014,361,86.3091268
USGS,1435000,1/17/2014,310,85.6381475
USGS,1435000,1/18/2014,278,84.9318535
USGS,1435000,1/19/2014,250,84.2255595
USGS,1435000,1/20/2014,229,83.4839508
USGS,1435000,1/21/2014,193,82.7070274
USGS,1435000,1/22/2014,238,81.930104
USGS,1435000,1/23/2014,225,81.0825512
USGS,1435000,1/24/2014,215,80.2703131
USGS,1435000,1/25/2014,213,79.3874456
USGS,1435000,1/26/2014,211,78.5045781
USGS,1435000,1/27/2014,191,77.5863959
USGS,1435000,1/28/2014,171,76.6682137
USGS,1435000,1/29/2014,153,75.7147168
USGS,1435000,1/30/2014,147,74.7612199
USGS,1435000,1/31/2014,143,73.8783524
USGS,1435000,2/1/2014,131,72.9601702
USGS,1435000,2/2/2014,121,72.041988
USGS,1435000,2/3/2014,115,72.4657644
USGS,1435000,2/4/2014,103,72.3598203
USGS,1435000,2/5/2014,122,71.9360439
USGS,1435000,2/6/2014,119,71.3003793
USGS,1435000,2/7/2014,101,70.5234559
USGS,1435000,2/8/2014,95.5,69.6405884
USGS,1435000,2/9/2014,95.5,68.6870915
USGS,1435000,2/10/2014,89.9,67.7335946
USGS,1435000,2/11/2014,83.2,66.7094683
USGS,1435000,2/12/2014,85.2,65.685342
USGS,1435000,2/13/2014,84.7,64.6612157
USGS,1435000,2/14/2014,107,63.6370894
USGS,1435000,2/15/2014,86.7,62.6129631
USGS,1435000,2/16/2014,81.7,61.5888368
USGS,1435000,2/17/2014,76.9,60.5647105
USGS,1435000,2/18/2014,74.1,59.5405842
USGS,1435000,2/19/2014,77.8,58.5164579
USGS,1435000,2/20/2014,74.6,57.5276463
USGS,1435000,2/21/2014,101,277.5382273
USGS,1435000,2/22/2014,178,128.0511022
USGS,1435000,2/23/2014,121,62.7542219
USGS,1435000,2/24/2014,110,63.1073689
USGS,1435000,2/25/2014,102,63.0720542
USGS,1435000,2/26/2014,94.5,62.7895366
USGS,1435000,2/27/2014,88,62.3304455
USGS,1435000,2/28/2014,82.5,61.9419838
USGS,1435000,3/1/2014,78,61.4828927
USGS,1435000,3/2/2014,75,60.9531722
USGS,1435000,3/3/2014,71,60.4234517
USGS,1435000,3/4/2014,70,60.03499
USGS,1435000,3/5/2014,68,59.6112136
USGS,1435000,3/6/2014,65,59.1168078
USGS,1435000,3/7/2014,64,58.622402
USGS,1435000,3/8/2014,63,58.0926815
USGS,1435000,3/9/2014,63,57.5982757
USGS,1435000,3/10/2014,62,57.0685552
USGS,1435000,3/11/2014,94.8,56.5388347
USGS,1435000,3/12/2014,123,56.0091142
USGS,1435000,3/13/2014,165,55.4793937
USGS,1435000,3/14/2014,143,55.0203026
USGS,1435000,3/15/2014,109,158.1745413
USGS,1435000,3/16/2014,95,406.472197
USGS,1435000,3/17/2014,86,504.293916
USGS,1435000,3/18/2014,82,356.67847
USGS,1435000,3/19/2014,96.6,489.814889
USGS,1435000,3/20/2014,121,769.154166
USGS,1435000,3/21/2014,81,742.668141
USGS,1435000,3/22/2014,79,562.210024
USGS,1435000,3/23/2014,84,590.108637
USGS,1435000,3/24/2014,96,810.825512
USGS,1435000,3/25/2014,106,886.045823
USGS,1435000,3/26/2014,105,849.318535
USGS,1435000,3/27/2014,135,947.493401
USGS,1435000,3/28/2014,119,1365.266302
USGS,1435000,3/29/2014,193,1255.790732
USGS,1435000,3/30/2014,929,832.367479
USGS,1435000,3/31/2014,618,553.381349
USGS,1435000,4/1/2014,491,465.447746
USGS,1435000,4/2/2014,528,673.804476
USGS,1435000,4/3/2014,558,846.493359
USGS,1435000,4/4/2014,519,989.871041
USGS,1435000,4/5/2014,461,664.975801
USGS,1435000,4/6/2014,399,450.262425
USGS,1435000,4/7/2014,400,308.0148134
USGS,1435000,4/8/2014,755,214.9252642
USGS,1435000,4/9/2014,638,310.2396395
USGS,1435000,4/10/2014,507,379.279878
USGS,1435000,4/11/2014,601,708.412882
USGS,1435000,4/12/2014,625,638.136629
USGS,1435000,4/13/2014,577,594.346401
USGS,1435000,4/14/2014,613,625.07019
USGS,1435000,4/15/2014,1100,437.195986
USGS,1435000,4/16/2014,822,328.5326541
USGS,1435000,4/17/2014,546,270.7578049
USGS,1435000,4/18/2014,447,250.381223
USGS,1435000,4/19/2014,376,203.5186161
USGS,1435000,4/20/2014,325,192.2532268
USGS,1435000,4/21/2014,291,331.2165713
USGS,1435000,4/22/2014,270,249.6042996
USGS,1435000,4/23/2014,258,201.29379
USGS,1435000,4/24/2014,230,170.1109099
USGS,1435000,4/25/2014,211,193.171409
USGS,1435000,4/26/2014,240,163.9308374
USGS,1435000,4/27/2014,219,143.9074025
USGS,1435000,4/28/2014,196,136.667889
USGS,1435000,4/29/2014,187,130.9115929
USGS,1435000,4/30/2014,349,130.3465577
USGS,1435000,5/1/2014,821,140.0581002
USGS,1435000,5/2/2014,455,130.3465577
USGS,1435000,5/3/2014,347,124.8374645
USGS,1435000,5/4/2014,304,120.8115887
USGS,1435000,5/5/2014,263,118.5161332
USGS,1435000,5/6/2014,239,131.4413134
USGS,1435000,5/7/2014,219,283.5064116
USGS,1435000,5/8/2014,206,204.6840012
USGS,1435000,5/9/2014,225,161.9532142
USGS,1435000,5/10/2014,236,218.6686224
USGS,1435000,5/11/2014,232,248.1917116
USGS,1435000,5/12/2014,197,214.0777114
USGS,1435000,5/13/2014,183,168.9102101
USGS,1435000,5/14/2014,175,140.9762824
USGS,1435000,5/15/2014,179,129.6402637
USGS,1435000,5/16/2014,853,122.2594914
USGS,1435000,5/17/2014,1620,116.9976011
USGS,1435000,5/18/2014,603,111.7710255
USGS,1435000,5/19/2014,429,107.9570379
USGS,1435000,5/20/2014,348,421.657518
USGS,1435000,5/21/2014,300,302.0819438
USGS,1435000,5/22/2014,294,226.01408
USGS,1435000,5/23/2014,302,278.4564095
USGS,1435000,5/24/2014,257,210.5109267
USGS,1435000,5/25/2014,232,455.912777
USGS,1435000,5/26/2014,206,322.3172669
USGS,1435000,5/27/2014,187,428.367311
USGS,1435000,5/28/2014,177,326.3431427
USGS,1435000,5/29/2014,165,236.4672312
USGS,1435000,5/30/2014,153,720.41988
USGS,1435000,5/31/2014,147,967.269633
USGS,1435000,6/1/2014,135,651.909362
USGS,1435000,6/2/2014,126,444.96522
USGS,1435000,6/3/2014,142,348.4854596
USGS,1435000,6/4/2014,163,300.3868382
USGS,1435000,6/5/2014,168,222.48261
USGS,1435000,6/6/2014,136,360.563087
USGS,1435000,6/7/2014,117,249.2511526
USGS,1435000,6/8/2014,107,198.0801523
USGS,1435000,6/9/2014,140,161.8119554
USGS,1435000,6/10/2014,124,232.4413554
USGS,1435000,6/11/2014,144,295.9018713
USGS,1435000,6/12/2014,147,262.2116475
USGS,1435000,6/13/2014,607,199.174908
USGS,1435000,6/14/2014,691,161.388179
USGS,1435000,6/15/2014,352,142.3888704
USGS,1435000,6/16/2014,258,134.19586
USGS,1435000,6/17/2014,212,161.741326
USGS,1435000,6/18/2014,318,143.024535
USGS,1435000,6/19/2014,225,378.926731
USGS,1435000,6/20/2014,188,1047.434002
USGS,1435000,6/21/2014,167,843.668183
USGS,1435000,6/22/2014,154,571.744993
USGS,1435000,6/23/2014,144,388.108553
USGS,1435000,6/24/2014,142,266.9085026
USGS,1435000,6/25/2014,261,204.5074277
USGS,1435000,6/26/2014,559,166.1556635
USGS,1435000,6/27/2014,258,143.8367731
USGS,1435000,6/28/2014,199,139.5283797
USGS,1435000,6/29/2014,174,130.8056488
USGS,1435000,6/30/2014,163,123.60145
USGS,1435000,7/1/2014,152,117.7392098
USGS,1435000,7/2/2014,184,112.8657812
USGS,1435000,7/3/2014,219,108.3454996
USGS,1435000,7/4/2014,472,111.1706756
USGS,1435000,7/5/2014,287,105.9441
USGS,1435000,7/6/2014,211,104.0017915
USGS,1435000,7/7/2014,182,101.1413008
USGS,1435000,7/8/2014,183,214.5368025
USGS,1435000,7/9/2014,223,202.9535809
USGS,1435000,7/10/2014,203,236.961637
USGS,1435000,7/11/2014,163,176.1850383
USGS,1435000,7/12/2014,147,136.4206861
USGS,1435000,7/13/2014,448,120.423127
USGS,1435000,7/14/2014,1120,111.6297667
USGS,1435000,7/15/2014,548,122.7892119
USGS,1435000,7/16/2014,1160,112.9010959
USGS,1435000,7/17/2014,503,139.4577503
USGS,1435000,7/18/2014,356,118.5161332
USGS,1435000,7/19/2014,285,109.2283671
USGS,1435000,7/20/2014,244,461.209982
USGS,1435000,7/21/2014,213,848.965388
USGS,1435000,7/22/2014,192,628.248513
USGS,1435000,7/23/2014,174,456.265924
USGS,1435000,7/24/2014,165,301.7287968
USGS,1435000,7/25/2014,144,213.2301586
USGS,1435000,7/26/2014,134,285.0249437
USGS,1435000,7/27/2014,145,207.4032331
USGS,1435000,7/28/2014,131,160.0815351
USGS,1435000,7/29/2014,122,133.136419
USGS,1435000,7/30/2014,111,122.6479531
USGS,1435000,7/31/2014,110,697.112178
USGS,1435000,8/1/2014,103,806.234601
USGS,1435000,8/2/2014,97.2,923.832552
USGS,1435000,8/3/2014,88.2,1329.245308
USGS,1435000,8/4/2014,83.6,1180.570421
USGS,1435000,8/5/2014,81.4,927.717169
USGS,1435000,8/6/2014,96.6,621.891867
USGS,1435000,8/7/2014,79.3,452.734454
USGS,1435000,8/8/2014,72.8,503.940769
USGS,1435000,8/9/2014,68.1,574.570169
USGS,1435000,8/10/2014,64.7,556.559672
USGS,1435000,8/11/2014,62,601.056194
USGS,1435000,8/12/2014,63.9,406.825344
USGS,1435000,8/13/2014,93.3,277.7854302
USGS,1435000,8/14/2014,74,206.7322538
USGS,1435000,8/15/2014,63.5,462.62257
USGS,1435000,8/16/2014,59.1,416.71346
USGS,1435000,8/17/2014,55.2,313.5239066
USGS,1435000,8/18/2014,51.4,222.6944982
USGS,1435000,8/19/2014,49.2,176.1850383
USGS,1435000,8/20/2014,47.8,149.1339781
USGS,1435000,8/21/2014,58.1,155.8790858
USGS,1435000,8/22/2014,57.5,141.0115971
USGS,1435000,8/23/2014,52.8,132.1476074
USGS,1435000,8/24/2014,48.5,124.6255763
USGS,1435000,8/25/2014,44.8,134.7962099
USGS,1435000,8/26/2014,41.8,125.0846674
USGS,1435000,8/27/2014,39.9,117.9864127
USGS,1435000,8/28/2014,38,136.1028538
USGS,1435000,8/29/2014,36.4,131.7591457
USGS,1435000,8/30/2014,35.1,120.776274
USGS,1435000,8/31/2014,35.8,442.846338
USGS,1435000,9/1/2014,36.4,1192.224272
USGS,1435000,9/2/2014,34.5,846.846506
USGS,1435000,9/3/2014,40.4,1112.41305
USGS,1435000,9/4/2014,33.9,741.255553
USGS,1435000,9/5/2014,31.7,495.112094
USGS,1435000,9/6/2014,30.8,332.1700682
USGS,1435000,9/7/2014,32.7,229.1570883
USGS,1435000,9/8/2014,29.6,175.6553178
USGS,1435000,9/9/2014,28.1,143.5189408
USGS,1435000,9/10/2014,27.2,132.6773279
USGS,1435000,9/11/2014,30.6,123.8486529
USGS,1435000,9/12/2014,31.4,129.6755784
USGS,1435000,9/13/2014,32.4,379.633025
USGS,1435000,9/14/2014,40.9,532.898823
USGS,1435000,9/15/2014,30.7,391.640023
USGS,1435000,9/16/2014,28.7,260.1633949
USGS,1435000,9/17/2014,27.5,192.0413386
USGS,1435000,9/18/2014,26,479.220479
USGS,1435000,9/19/2014,25,320.5868466
USGS,1435000,9/20/2014,24.2,219.6927487
USGS,1435000,9/21/2014,24.3,173.5364358
USGS,1435000,9/22/2014,23.6,1090.517936
USGS,1435000,9/23/2014,22.8,727.48282
USGS,1435000,9/24/2014,22.2,488.049154
USGS,1435000,9/25/2014,21.6,329.4155216
USGS,1435000,9/26/2014,21.8,457.325365
USGS,1435000,9/27/2014,21.5,465.094599
USGS,1435000,9/28/2014,21,341.6697225
USGS,1435000,9/29/2014,20.9,232.5826142
USGS,1435000,9/30/2014,21.3,200.9053283
USGS,1435000,10/1/2014,22.4,160.8584585
USGS,1435000,10/2/2014,23.3,142.4594998
USGS,1435000,10/3/2014,22.7,230.5343616
USGS,1435000,10/4/2014,41.1,177.3151087
USGS,1435000,10/5/2014,43.4,145.9909698
USGS,1435000,10/6/2014,30.1,134.9374687
USGS,1435000,10/7/2014,27,126.5678848
USGS,1435000,10/8/2014,53,119.2224272
USGS,1435000,10/9/2014,41.6,113.4661311
USGS,1435000,10/10/2014,30.6,108.2042408
USGS,1435000,10/11/2014,27.1,103.7192739
USGS,1435000,10/12/2014,25.2,99.4815099
USGS,1435000,10/13/2014,24.4,96.0912987
USGS,1435000,10/14/2014,25.7,287.9207491
USGS,1435000,10/15/2014,27.5,202.7770074
USGS,1435000,10/16/2014,202,151.3588042
USGS,1435000,10/17/2014,121,125.5437585
USGS,1435000,10/18/2014,60.8,160.0109057
USGS,1435000,10/19/2014,43.4,125.8262761
USGS,1435000,10/20/2014,36.3,115.9028454
USGS,1435000,10/21/2014,44.5,113.0423547
USGS,1435000,10/22/2014,119,105.2731207
USGS,1435000,10/23/2014,338,99.1989923
USGS,1435000,10/24/2014,217,93.6898991
USGS,1435000,10/25/2014,132,99.9052863
USGS,1435000,10/26/2014,112,685.811474
USGS,1435000,10/27/2014,98.2,446.024661
USGS,1435000,10/28/2014,84.6,1218.004003
USGS,1435000,10/29/2014,81.8,801.996837
USGS,1435000,10/30/2014,81.2,527.954765
USGS,1435000,10/31/2014,74.9,347.4260186
USGS,1435000,11/1/2014,70.5,240.5284217
USGS,1435000,11/2/2014,67.9,180.0696553
USGS,1435000,11/3/2014,65.3,140.2699884
USGS,1435000,11/4/2014,63.2,160.7171997
USGS,1435000,11/5/2014,61.4,130.8056488
USGS,1435000,11/6/2014,60.7,120.8115887
USGS,1435000,11/7/2014,62.6,112.8304665
USGS,1435000,11/8/2014,60.2,106.1559882
USGS,1435000,11/9/2014,58,101.000042
USGS,1435000,11/10/2014,56.3,115.5496984
USGS,1435000,11/11/2014,55.2,110.7115845
USGS,1435000,11/12/2014,53.8,162.2004171
USGS,1435000,11/13/2014,52.1,125.0493527
USGS,1435000,11/14/2014,52.1,113.713334
USGS,1435000,11/15/2014,50.4,105.4850089
USGS,1435000,11/16/2014,48.8,104.4961973
USGS,1435000,11/17/2014,114,110.6762698
USGS,1435000,11/18/2014,182,788.224104
USGS,1435000,11/19/2014,94.7,906.881496
USGS,1435000,11/20/2014,81,596.81843
USGS,1435000,11/21/2014,74.2,391.99317
USGS,1435000,11/22/2014,71.2,256.4906661
USGS,1435000,11/23/2014,79.2,230.2165293
USGS,1435000,11/24/2014,385,201.29379
USGS,1435000,11/25/2014,294,153.5836303
USGS,1435000,11/26/2014,195,128.9692844
USGS,1435000,11/27/2014,166,689.696091
USGS,1435000,11/28/2014,142,601.409341
USGS,1435000,11/29/2014,128,399.05611
USGS,1435000,11/30/2014,125,265.7078028
USGS,1435000,12/1/2014,157,190.6640653
USGS,1435000,12/2/2014,165,149.4518104
USGS,1435000,12/3/2014,189,131.1234811
USGS,1435000,12/4/2014,190,121.6591415
USGS,1435000,12/5/2014,155,114.4902574
USGS,1435000,12/6/2014,248,108.2748702
USGS,1435000,12/7/2014,334,103.118924
USGS,1435000,12/8/2014,215,98.6692718
USGS,1435000,12/9/2014,238,98.2808101
USGS,1435000,12/10/2014,249,381.751907
USGS,1435000,12/11/2014,199,245.5431091
USGS,1435000,12/12/2014,173,167.8507691
USGS,1435000,12/13/2014,157,127.6979552
USGS,1435000,12/14/2014,147,117.1035452
USGS,1435000,12/15/2014,139,108.4867584
USGS,1435000,12/16/2014,134,298.5857885
USGS,1435000,12/17/2014,171,191.1584711
USGS,1435000,12/18/2014,166,139.9168414
USGS,1435000,12/19/2014,140,120.3171829
USGS,1435000,12/20/2014,126,111.7357108
USGS,1435000,12/21/2014,120,105.0612325
USGS,1435000,12/22/2014,116,99.7640275
USGS,1435000,12/23/2014,135,534.664558
USGS,1435000,12/24/2014,483,348.6620331
USGS,1435000,12/25/2014,1150,225.3431007
USGS,1435000,12/26/2014,527,160.1168498
USGS,1435000,12/27/2014,359,128.6514521
USGS,1435000,12/28/2014,335,134.549007
USGS,1435000,12/29/2014,286,124.2371146
USGS,1435000,12/30/2014,230,114.9846632
USGS,1435000,12/31/2014,195,107.356688
USGS,1435000,1/1/2015,174,119.2224272
USGS,1435000,1/2/2015,166,213.3361027
USGS,1435000,1/3/2015,161,525.835883
USGS,1435000,1/4/2015,386,648.377892
USGS,1435000,1/5/2015,367,426.248429
USGS,1435000,1/6/2015,259,280.3280886
USGS,1435000,1/7/2015,217,192.0060239
USGS,1435000,1/8/2015,190,147.3682431
USGS,1435000,1/9/2015,193,127.8745287
USGS,1435000,1/10/2015,181,118.6927067
USGS,1435000,1/11/2015,162,111.1706756
USGS,1435000,1/12/2015,171,105.1318619
USGS,1435000,1/13/2015,165,99.9759157
USGS,1435000,1/14/2015,154,95.4909488
USGS,1435000,1/15/2015,142,92.8070316
USGS,1435000,1/16/2015,130,92.4891993
USGS,1435000,1/17/2015,115,91.9594788
USGS,1435000,1/18/2015,143,91.3591289
USGS,1435000,1/19/2015,143,90.758779
USGS,1435000,1/20/2015,131,90.1584291
USGS,1435000,1/21/2015,110,89.5580792
USGS,1435000,1/22/2015,103,88.993044
USGS,1435000,1/23/2015,98,88.3573794
USGS,1435000,1/24/2015,98,87.7570295
USGS,1435000,1/25/2015,94,87.1213649
USGS,1435000,1/26/2015,89.8,86.4503856
USGS,1435000,1/27/2015,83.4,85.7794063
USGS,1435000,1/28/2015,80.1,85.0731123
USGS,1435000,1/29/2015,76.7,84.3668183
USGS,1435000,1/30/2015,80.2,83.6252096
USGS,1435000,1/31/2015,75.5,82.8482862
USGS,1435000,2/1/2015,81.1,82.0713628
USGS,1435000,2/2/2015,79.3,81.2591247
USGS,1435000,2/3/2015,73.9,80.4115719
USGS,1435000,2/4/2015,81.1,79.5287044
USGS,1435000,2/5/2015,80.6,78.6458369
USGS,1435000,2/6/2015,79.3,77.7629694
USGS,1435000,2/7/2015,81.5,76.8094725
USGS,1435000,2/8/2015,79.5,75.8559756
USGS,1435000,2/9/2015,77.4,74.9024787
USGS,1435000,2/10/2015,75,73.9136671
USGS,1435000,2/11/2015,71.9,72.9248555
USGS,1435000,2/12/2015,74.1,71.9007292
USGS,1435000,2/13/2015,77.2,70.8766029
USGS,1435000,2/14/2015,78,69.8171619
USGS,1435000,2/15/2015,80.6,68.7930356
USGS,1435000,2/16/2015,85.1,67.6982799
USGS,1435000,2/17/2015,81.1,66.6388389
USGS,1435000,2/18/2015,73.1,65.5793979
USGS,1435000,2/19/2015,70.5,64.4846422
USGS,1435000,2/20/2015,72.9,63.7430335
USGS,1435000,2/21/2015,67,62.8954807
USGS,1435000,2/22/2015,72.7,61.9772985
USGS,1435000,2/23/2015,67.4,60.9884869
USGS,1435000,2/24/2015,71.5,59.9643606
USGS,1435000,2/25/2015,63.5,58.9049196
USGS,1435000,2/26/2015,58.8,57.8807933
USGS,1435000,2/27/2015,59.8,56.8213523
USGS,1435000,2/28/2015,61.1,55.8325407
USGS,1435000,3/1/2015,60.5,56.3622612
USGS,1435000,3/2/2015,57.4,232.017579
USGS,1435000,3/3/2015,57,178.7983261
USGS,1435000,3/4/2015,56.1,281.3522149
USGS,1435000,3/5/2015,55.5,442.140044
USGS,1435000,3/6/2015,53.6,582.69255
USGS,1435000,3/7/2015,52.5,446.377808
USGS,1435000,3/8/2015,52.7,573.863875
USGS,1435000,3/9/2015,57.3,349.7921035
USGS,1435000,3/10/2015,57.4,199.9871461
USGS,1435000,3/11/2015,94.7,116.6797688
USGS,1435000,3/12/2015,94.4,76.1384932
USGS,1435000,3/13/2015,74.6,74.7259052
USGS,1435000,3/14/2015,70.2,74.7612199
USGS,1435000,3/15/2015,81.2,74.5846464
USGS,1435000,3/16/2015,72.8,74.3021288
USGS,1435000,3/17/2015,81.1,73.9136671
USGS,1435000,3/18/2015,88.1,73.5252054
USGS,1435000,3/19/2015,86.9,73.101429
USGS,1435000,3/20/2015,81.1,72.6776526
USGS,1435000,3/21/2015,71.5,72.5010791
USGS,1435000,3/22/2015,67.4,72.2538762
USGS,1435000,3/23/2015,66.3,71.9007292
USGS,1435000,3/24/2015,65.6,72.5010791
USGS,1435000,3/25/2015,65.6,77.2332489
USGS,1435000,3/26/2015,69.8,579.867374
USGS,1435000,3/27/2015,108,955.615782
USGS,1435000,3/28/2015,89.7,777.276547
USGS,1435000,3/29/2015,85.3,618.00725
USGS,1435000,3/30/2015,83,395.877787
USGS,1435000,3/31/2015,81.1,432.605075
USGS,1435000,4/1/2015,79.9,616.241515
USGS,1435000,4/2/2015,94.2,409.65052
USGS,1435000,4/3/2015,231,264.0480119
USGS,1435000,4/4/2015,532,174.101471
USGS,1435000,4/5/2015,354,130.2759283
USGS,1435000,4/6/2015,315,110.5703257
USGS,1435000,4/7/2015,552,106.4031911
USGS,1435000,4/8/2015,641,99.7640275
USGS,1435000,4/9/2015,550,94.8552842
USGS,1435000,4/10/2015,991,91.0059819
USGS,1435000,4/11/2015,886,87.6157707
USGS,1435000,4/12/2015,662,92.7010875
USGS,1435000,4/13/2015,814,318.8211116
USGS,1435000,4/14/2015,977,281.811306
USGS,1435000,4/15/2015,686,192.5004297
USGS,1435000,4/16/2015,538,144.0486613
USGS,1435000,4/17/2015,582,118.5867626
USGS,1435000,4/18/2015,520,109.828717
USGS,1435000,4/19/2015,429,103.1542387
USGS,1435000,4/20/2015,390,97.9629778
USGS,1435000,4/21/2015,641,93.9017873
USGS,1435000,4/22/2015,452,92.0301082
USGS,1435000,4/23/2015,400,229.5808647
USGS,1435000,4/24/2015,324,172.5123095
USGS,1435000,4/25/2015,279,135.1846716
USGS,1435000,4/26/2015,251,310.416213
USGS,1435000,4/27/2015,228,206.1672186
USGS,1435000,4/28/2015,208,154.5371272
USGS,1435000,4/29/2015,191,138.8927151
USGS,1435000,4/30/2015,180,119.6108889
USGS,1435000,5/1/2015,169,111.7003961
USGS,1435000,5/2/2015,157,235.3724755
USGS,1435000,5/3/2015,148,365.507145
USGS,1435000,5/4/2015,139,261.7172417
USGS,1435000,5/5/2015,132,244.1658358
USGS,1435000,5/6/2015,128,183.3539224
USGS,1435000,5/7/2015,120,147.4035578
USGS,1435000,5/8/2015,115,127.839214
USGS,1435000,5/9/2015,111,336.2665734
USGS,1435000,5/10/2015,107,327.9323042
USGS,1435000,5/11/2015,100,246.7438089
USGS,1435000,5/12/2015,95,243.5654859
USGS,1435000,5/13/2015,89.8,197.1619701
USGS,1435000,5/14/2015,86.5,156.6560092
USGS,1435000,5/15/2015,82.6,234.9840138
USGS,1435000,5/16/2015,130,179.7871377
USGS,1435000,5/17/2015,103,144.79027
USGS,1435000,5/18/2015,85.2,257.6560512
USGS,1435000,5/19/2015,91.6,207.0147714
USGS,1435000,5/20/2015,104,162.0238436
USGS,1435000,5/21/2015,84.2,158.0332825
USGS,1435000,5/22/2015,76.9,794.933897
USGS,1435000,5/23/2015,71.2,814.356982
USGS,1435000,5/24/2015,68.4,751.143669
USGS,1435000,5/25/2015,65.4,506.765945
USGS,1435000,5/26/2015,65.3,544.199527
USGS,1435000,5/27/2015,242,409.297373
USGS,1435000,5/28/2015,254,384.223936
USGS,1435000,5/29/2015,124,263.5889208
USGS,1435000,5/30/2015,101,199.8458873
USGS,1435000,5/31/2015,183,285.1662025
USGS,1435000,6/1/2015,344,585.164579
USGS,1435000,6/2/2015,304,540.31491
USGS,1435000,6/3/2015,226,372.923232
USGS,1435000,6/4/2015,180,256.0668897
USGS,1435000,6/5/2015,189,222.0941483
USGS,1435000,6/6/2015,258,181.2703551
USGS,1435000,6/7/2015,177,155.031533
USGS,1435000,6/8/2015,239,140.1640443
USGS,1435000,6/9/2015,480,140.8703383
USGS,1435000,6/10/2015,291,182.7182578
USGS,1435000,6/11/2015,223,149.0633487
USGS,1435000,6/12/2015,190,135.3259304
USGS,1435000,6/13/2015,252,126.8504024
USGS,1435000,6/14/2015,177,120.8469034
USGS,1435000,6/15/2015,607,118.5514479
USGS,1435000,6/16/2015,406,112.0535431
USGS,1435000,6/17/2015,295,370.098056
USGS,1435000,6/18/2015,249,251.2287758
USGS,1435000,6/19/2015,237,181.1290963
USGS,1435000,6/20/2015,205,141.7532058
USGS,1435000,6/21/2015,1000,126.779773
USGS,1435000,6/22/2015,543,122.895156
USGS,1435000,6/23/2015,504,115.6203278
USGS,1435000,6/24/2015,587,108.8045907
USGS,1435000,6/25/2015,353,115.6909572
USGS,1435000,6/26/2015,294,130.7703341
USGS,1435000,6/27/2015,279,117.7745245
USGS,1435000,6/28/2015,545,134.7962099
USGS,1435000,6/29/2015,443,122.6832678
USGS,1435000,6/30/2015,422,115.0906073
USGS,1435000,7/1/2015,500,107.7804644
USGS,1435000,7/2/2015,384,101.9888536
USGS,1435000,7/3/2015,299,96.9741662
USGS,1435000,7/4/2015,285,92.9482904
USGS,1435000,7/5/2015,249,169.157413
USGS,1435000,7/6/2015,210,127.9098434
USGS,1435000,7/7/2015,233,194.3014794
USGS,1435000,7/8/2015,230,189.8165125
USGS,1435000,7/9/2015,196,141.8591499
USGS,1435000,7/10/2015,347,118.657392
USGS,1435000,7/11/2015,204,109.5815141
USGS,1435000,7/12/2015,173,518.772943
USGS,1435000,7/13/2015,156,399.05611
USGS,1435000,7/14/2015,144,290.0043164
USGS,1435000,7/15/2015,149,310.6281012
USGS,1435000,7/16/2015,127,221.7410013
USGS,1435000,7/17/2015,114,268.0738877
USGS,1435000,7/18/2015,124,276.7966186
USGS,1435000,7/19/2015,152,399.05611
USGS,1435000,7/20/2015,110,280.8224944
USGS,1435000,7/21/2015,97.4,202.5298045
USGS,1435000,7/22/2015,88.7,157.9626531
USGS,1435000,7/23/2015,81.9,543.140086
USGS,1435000,7/24/2015,76.5,361.622528
USGS,1435000,7/25/2015,72.3,240.9521981
USGS,1435000,7/26/2015,145,221.2112808
USGS,1435000,7/27/2015,147,758.206609
USGS,1435000,7/28/2015,110,650.849921
USGS,1435000,7/29/2015,82.9,436.489692
USGS,1435000,7/30/2015,75.8,399.05611
USGS,1435000,7/31/2015,71.8,480.633067
USGS,1435000,8/1/2015,63.4,699.584207
USGS,1435000,8/2/2015,59,470.391804
USGS,1435000,8/3/2015,57.5,342.55259
USGS,1435000,8/4/2015,61.8,672.038741
USGS,1435000,8/5/2015,53.4,639.902364
USGS,1435000,8/6/2015,49.4,432.251928
USGS,1435000,8/7/2015,47.4,294.524598
USGS,1435000,8/8/2015,45.8,210.9347031
USGS,1435000,8/9/2015,44.6,168.0273426
USGS,1435000,8/10/2015,43.1,150.7231396
USGS,1435000,8/11/2015,257,161.1762908
USGS,1435000,8/12/2015,110,411.416255
USGS,1435000,8/13/2015,68.7,426.601576
USGS,1435000,8/14/2015,55.8,289.5099106
USGS,1435000,8/15/2015,49.2,466.15404
USGS,1435000,8/16/2015,45.5,538.902322
USGS,1435000,8/17/2015,42.6,364.094557
USGS,1435000,8/18/2015,42.4,266.4140968
USGS,1435000,8/19/2015,45.5,198.115467
USGS,1435000,8/20/2015,44.9,239.786813
USGS,1435000,8/21/2015,175,602.115635
USGS,1435000,8/22/2015,76.6,406.825344
USGS,1435000,8/23/2015,56.8,277.9620037
USGS,1435000,8/24/2015,48.5,203.3420426
USGS,1435000,8/25/2015,45.1,164.0014668
USGS,1435000,8/26/2015,41.4,145.2846758
USGS,1435000,8/27/2015,39,136.8797772
USGS,1435000,8/28/2015,37.9,171.8766449
USGS,1435000,8/29/2015,36.4,145.6731375
USGS,1435000,8/30/2015,35.1,134.8315246
USGS,1435000,8/31/2015,34.7,128.4395639
USGS,1435000,9/1/2015,32.7,120.4584417
USGS,1435000,9/2/2015,30.1,114.4902574
USGS,1435000,9/3/2015,28.8,108.9105348
USGS,1435000,9/4/2015,28.2,114.0311663
USGS,1435000,9/5/2015,28,109.1577377
USGS,1435000,9/6/2015,26.6,103.4367563
USGS,1435000,9/7/2015,25.7,98.5633277
USGS,1435000,9/8/2015,24.7,526.895324
USGS,1435000,9/9/2015,25.8,953.143753
USGS,1435000,9/10/2015,46.6,628.248513
USGS,1435000,9/11/2015,42.9,413.18199
USGS,1435000,9/12/2015,47.5,271.1462666
USGS,1435000,9/13/2015,332,189.5693096
USGS,1435000,9/14/2015,86.5,146.909152
USGS,1435000,9/15/2015,55.4,128.192361
USGS,1435000,9/16/2015,43.1,119.3990007
USGS,1435000,9/17/2015,37.9,699.584207
USGS,1435000,9/18/2015,34.7,2154.902994
USGS,1435000,9/19/2015,31.7,1483.570547
USGS,1435000,9/20/2015,29.8,989.517894
USGS,1435000,9/21/2015,28.2,663.91636
USGS,1435000,9/22/2015,27.2,445.318367
USGS,1435000,9/23/2015,26.3,300.1396353
USGS,1435000,9/24/2015,25.7,212.7357528
USGS,1435000,9/25/2015,25.4,168.3451749
USGS,1435000,9/26/2015,24.5,141.1175412
USGS,1435000,9/27/2015,24.2,130.9469076
USGS,1435000,9/28/2015,24.2,1171.035452
USGS,1435000,9/29/2015,27.6,863.091268
USGS,1435000,9/30/2015,744,704.881412
USGS,1435000,10/1/2015,242,472.863833
USGS,1435000,10/2/2015,129,336.5137763
USGS,1435000,10/3/2015,109,234.8780697
USGS,1435000,10/4/2015,93.5,181.9766491
USGS,1435000,10/5/2015,77.7,148.6042576
USGS,1435000,10/6/2015,69.3,136.4206861
USGS,1435000,10/7/2015,62.8,127.5213817
USGS,1435000,10/8/2015,58.8,120.2112388
USGS,1435000,10/9/2015,59.1,114.3136839
USGS,1435000,10/10/2015,58.9,108.8752201
USGS,1435000,10/11/2015,53.4,104.2489944
USGS,1435000,10/12/2015,50.7,99.9052863
USGS,1435000,10/13/2015,49.3,96.055984
USGS,1435000,10/14/2015,48.6,98.88116
USGS,1435000,10/15/2015,46.5,189.0395891
USGS,1435000,10/16/2015,46.9,187.874204
USGS,1435000,10/17/2015,45.1,140.0581002
USGS,1435000,10/18/2015,43.8,136.8797772
USGS,1435000,10/19/2015,43.3,501.821887
USGS,1435000,10/20/2015,42.4,352.8644824
USGS,1435000,10/21/2015,41.4,330.4043332
USGS,1435000,10/22/2015,40.7,214.7486907
USGS,1435000,10/23/2015,39.3,159.269297
USGS,1435000,10/24/2015,38.1,128.5808227
USGS,1435000,10/25/2015,67.5,118.9045949
USGS,1435000,10/26/2015,56.9,110.7115845
USGS,1435000,10/27/2015,44.9,104.2843091
USGS,1435000,10/28/2015,82,98.88116
USGS,1435000,10/29/2015,1240,95.5262635
USGS,1435000,10/30/2015,384,138.9633445
USGS,1435000,10/31/2015,237,117.9864127
USGS,1435000,11/1/2015,186,107.6392056
USGS,1435000,11/2/2015,156,105.7322118
USGS,1435000,11/3/2015,137,100.9647273
USGS,1435000,11/4/2015,124,114.066481
USGS,1435000,11/5/2015,117,107.003541
USGS,1435000,11/6/2015,111,98.6339571
USGS,1435000,11/7/2015,105,94.5021372
USGS,1435000,11/8/2015,98.1,92.5598287
USGS,1435000,11/9/2015,92.7,92.2419964
USGS,1435000,11/10/2015,91.4,91.7829053
USGS,1435000,11/11/2015,632,91.2178701
USGS,1435000,11/12/2015,408,155.1727918
USGS,1435000,11/13/2015,441,110.3231228
USGS,1435000,11/14/2015,306,99.1989923
USGS,1435000,11/15/2015,247,92.7010875
USGS,1435000,11/16/2015,221,91.2531848
USGS,1435000,11/17/2015,194,90.8647231
USGS,1435000,11/18/2015,177,90.3703173
USGS,1435000,11/19/2015,622,89.7699674
USGS,1435000,11/20/2015,1280,126.9916612
USGS,1435000,11/21/2015,523,105.6968971
USGS,1435000,11/22/2015,378,94.6787107
USGS,1435000,11/23/2015,302,90.1584291
USGS,1435000,11/24/2015,255,165.5553136
USGS,1435000,11/25/2015,222,183.63644
USGS,1435000,11/26/2015,200,129.1811726
USGS,1435000,11/27/2015,187,103.5427004
USGS,1435000,11/28/2015,175,770.213607
USGS,1435000,11/29/2015,161,498.996711
USGS,1435000,11/30/2015,148,320.7987348
USGS,1435000,12/1/2015,160,569.979258
USGS,1435000,12/2/2015,253,370.451203
USGS,1435000,12/3/2015,276,241.2347157
USGS,1435000,12/4/2015,197,166.6147546
USGS,1435000,12/5/2015,173,127.7685846
USGS,1435000,12/6/2015,163,116.2913071
USGS,1435000,12/7/2015,155,241.1287716
USGS,1435000,12/8/2015,147,170.570001
USGS,1435000,12/9/2015,140,143.4483114
USGS,1435000,12/10/2015,134,342.0934989
USGS,1435000,12/11/2015,128,295.6899831
USGS,1435000,12/12/2015,121,198.6098728
USGS,1435000,12/13/2015,115,198.0801523
USGS,1435000,12/14/2015,124,150.7584543
USGS,1435000,12/15/2015,260,128.5808227
USGS,1435000,12/16/2015,171,118.9752243
USGS,1435000,12/17/2015,227,111.594452
USGS,1435000,12/18/2015,339,105.3084354
USGS,1435000,12/19/2015,234,100.293748
USGS,1435000,12/20/2015,198,95.9147252
USGS,1435000,12/21/2015,183,92.3479405
USGS,1435000,12/22/2015,341,92.1007376
USGS,1435000,12/23/2015,437,393.052611
USGS,1435000,12/24/2015,920,251.0522023
USGS,1435000,12/25/2015,495,170.1815393
USGS,1435000,12/26/2015,366,127.5920111
USGS,1435000,12/27/2015,304,114.419628
USGS,1435000,12/28/2015,277,105.6262677
USGS,1435000,12/29/2015,269,99.2696217
USGS,1435000,12/30/2015,272,93.6192697
USGS,1435000,12/31/2015,351,92.1007376
USGS,1435000,1/1/2016,297,91.9594788
USGS,1435000,1/2/2016,252,91.8888494
USGS,1435000,1/3/2016,229,299.7511736
USGS,1435000,1/4/2016,201,336.7256645
USGS,1435000,1/5/2016,208,274.9602542
USGS,1435000,1/6/2016,176,171.8766449
USGS,1435000,1/7/2016,174,124.9787233
USGS,1435000,1/8/2016,163,111.3119344
USGS,1435000,1/9/2016,158,103.4367563
USGS,1435000,1/10/2016,579,98.4220689
USGS,1435000,1/11/2016,504,92.8070316
USGS,1435000,1/12/2016,290,169.7577629
USGS,1435000,1/13/2016,250,245.437165
USGS,1435000,1/14/2016,222,969.741662
USGS,1435000,1/15/2016,203,636.724041
USGS,1435000,1/16/2016,190,417.066607
USGS,1435000,1/17/2016,180,271.6053577
USGS,1435000,1/18/2016,171,186.9207071
USGS,1435000,1/19/2016,163,142.7067027
USGS,1435000,1/20/2016,155,123.954597
USGS,1435000,1/21/2016,147,114.6668309
USGS,1435000,1/22/2016,138,107.0741704
USGS,1435000,1/23/2016,130,101.0706714
USGS,1435000,1/24/2016,124,96.1266134
USGS,1435000,1/25/2016,119,92.6657728
USGS,1435000,1/26/2016,116,92.3479405
USGS,1435000,1/27/2016,112,91.8535347
USGS,1435000,1/28/2016,109,91.2531848
USGS,1435000,1/29/2016,106,90.6528349
USGS,1435000,1/30/2016,103,90.0877997
USGS,1435000,1/31/2016,101,89.4874498
USGS,1435000,2/1/2016,99.6,88.8870999
USGS,1435000,2/2/2016,98.9,88.28675
USGS,1435000,2/3/2016,298,87.6510854
USGS,1435000,2/4/2016,354,87.0154208
USGS,1435000,2/5/2016,217,86.3444415
USGS,1435000,2/6/2016,172,85.6734622
USGS,1435000,2/7/2016,154,85.5675181
USGS,1435000,2/8/2016,142,85.7794063
USGS,1435000,2/9/2016,134,147.0150961
USGS,1435000,2/10/2016,126,313.2060743
USGS,1435000,2/11/2016,121,184.342734
USGS,1435000,2/12/2016,117,120.0346653
USGS,1435000,2/13/2016,113,93.0895492
USGS,1435000,2/14/2016,110,87.580456
USGS,1435000,2/15/2016,108,90.3703173
USGS,1435000,2/16/2016,608,183.283293
USGS,1435000,2/17/2016,546,121.5178827
USGS,1435000,2/18/2016,294,97.6804602
USGS,1435000,2/19/2016,252,88.7811558
USGS,1435000,2/20/2016,235,88.5692676
USGS,1435000,2/21/2016,219,88.1808059
USGS,1435000,2/22/2016,194,87.7217148
USGS,1435000,2/23/2016,177,87.227309
USGS,1435000,2/24/2016,388,86.6622738
USGS,1435000,2/25/2016,1850,86.0972386
USGS,1435000,2/26/2016,711,85.4968887
USGS,1435000,2/27/2016,403,84.8965388
USGS,1435000,2/28/2016,317,84.2608742
USGS,1435000,2/29/2016,273,83.5898949
USGS,1435000,3/1/2016,240,82.9189156
USGS,1435000,3/2/2016,215,82.2126216
USGS,1435000,3/3/2016,196,81.5063276
USGS,1435000,3/4/2016,186,80.7647189
USGS,1435000,3/5/2016,179,80.0231102
USGS,1435000,3/6/2016,171,79.3168162
USGS,1435000,3/7/2016,164,78.5398928
USGS,1435000,3/8/2016,158,77.7629694
USGS,1435000,3/9/2016,155,76.9507313
USGS,1435000,3/10/2016,152,76.1031785
USGS,1435000,3/11/2016,147,75.2556257
USGS,1435000,3/12/2016,144,74.3727582
USGS,1435000,3/13/2016,143,73.454576
USGS,1435000,3/14/2016,142,72.5363938
USGS,1435000,3/15/2016,141,71.6182116
USGS,1435000,3/16/2016,140,70.6647147
USGS,1435000,3/17/2016,138,69.7112178
USGS,1435000,3/18/2016,137,68.7224062
USGS,1435000,3/19/2016,134,68.6870915
USGS,1435000,3/20/2016,130,68.8989797
USGS,1435000,3/21/2016,127,68.6870915
USGS,1435000,3/22/2016,126,103.9311621
USGS,1435000,3/23/2016,125,92.1007376
USGS,1435000,3/24/2016,128,71.9360439
USGS,1435000,3/25/2016,130,72.041988
USGS,1435000,3/26/2016,123,71.8300998
USGS,1435000,3/27/2016,118,572.09814
USGS,1435000,3/28/2016,163,724.304497
USGS,1435000,3/29/2016,163,762.444373
USGS,1435000,3/30/2016,135,800.584249
USGS,1435000,3/31/2016,127,832.720626
USGS,1435000,4/1/2016,124,1854.728044
USGS,1435000,4/2/2016,129,1775.269969
USGS,1435000,4/3/2016,138,1214.119386
USGS,1435000,4/4/2016,133,1195.402595
USGS,1435000,4/5/2016,122,1610.35032
USGS,1435000,4/6/2016,118,1528.420216
USGS,1435000,4/7/2016,309,1135.367605
USGS,1435000,4/8/2016,423,761.738079
USGS,1435000,4/9/2016,271,513.475738
USGS,1435000,4/10/2016,227,349.7214741
USGS,1435000,4/11/2016,243,249.2511526
USGS,1435000,4/12/2016,356,192.8888914
USGS,1435000,4/13/2016,296,156.3381769
USGS,1435000,4/14/2016,248,132.1122927
USGS,1435000,4/15/2016,223,123.954597
USGS,1435000,4/16/2016,205,117.4566922
USGS,1435000,4/17/2016,189,112.5126342
USGS,1435000,4/18/2016,177,108.1336114
USGS,1435000,4/19/2016,166,115.7615866
USGS,1435000,4/20/2016,157,111.4178785
USGS,1435000,4/21/2016,150,106.5444499
USGS,1435000,4/22/2016,145,578.101639
USGS,1435000,4/23/2016,137,645.552716
USGS,1435000,4/24/2016,130,437.90228
USGS,1435000,4/25/2016,125,293.9242481
USGS,1435000,4/26/2016,149,350.6043416
USGS,1435000,4/27/2016,139,240.13996
USGS,1435000,4/28/2016,122,178.4804938
USGS,1435000,4/29/2016,118,347.7085362
USGS,1435000,4/30/2016,127,239.8221277
USGS,1435000,5/1/2016,130,209.5574298
USGS,1435000,5/2/2016,198,166.6147546
USGS,1435000,5/3/2016,244,138.786771
USGS,1435000,5/4/2016,244,128.9692844
USGS,1435000,5/5/2016,236,121.8004003
USGS,1435000,5/6/2016,269,116.3266218
USGS,1435000,5/7/2016,343,111.241305
USGS,1435000,5/8/2016,271,106.8269675
USGS,1435000,5/9/2016,231,103.3661269
USGS,1435000,5/10/2016,204,108.1336114
USGS,1435000,5/11/2016,188,103.4014416
USGS,1435000,5/12/2016,174,98.5986424
USGS,1435000,5/13/2016,193,99.7993422
USGS,1435000,5/14/2016,193,108.2748702
USGS,1435000,5/15/2016,175,101.000042
USGS,1435000,5/16/2016,155,95.9147252
USGS,1435000,5/17/2016,146,91.9241641
USGS,1435000,5/18/2016,139,91.7829053
USGS,1435000,5/19/2016,132,91.5357024
USGS,1435000,5/20/2016,124,91.1825554
USGS,1435000,5/21/2016,119,137.6567006
USGS,1435000,5/22/2016,117,108.1689261
USGS,1435000,5/23/2016,109,153.6895744
USGS,1435000,5/24/2016,102,193.5598707
USGS,1435000,5/25/2016,95.9,180.9878375
USGS,1435000,5/26/2016,90.7,136.7738331
USGS,1435000,5/27/2016,86.8,409.297373
USGS,1435000,5/28/2016,84.7,279.2333329
USGS,1435000,5/29/2016,79,217.8563843
USGS,1435000,5/30/2016,82.5,160.8231438
USGS,1435000,5/31/2016,78.8,153.7955185
USGS,1435000,6/1/2016,68.7,163.6130051
USGS,1435000,6/2/2016,63.7,130.6290753
USGS,1435000,6/3/2016,65.2,117.7038951
USGS,1435000,6/4/2016,62.7,114.0311663
USGS,1435000,6/5/2016,155,232.4766701
USGS,1435000,6/6/2016,178,164.9549637
USGS,1435000,6/7/2016,91.9,130.5231312
USGS,1435000,6/8/2016,78,117.6332657
USGS,1435000,6/9/2016,71.2,316.2431385
USGS,1435000,6/10/2016,65.4,671.332447
USGS,1435000,6/11/2016,71.1,689.342944
USGS,1435000,6/12/2016,71.9,458.737953
USGS,1435000,6/13/2016,63.7,307.2732047
USGS,1435000,6/14/2016,60.2,225.5903036
USGS,1435000,6/15/2016,57,549.496732
USGS,1435000,6/16/2016,54.8,434.017663
USGS,1435000,6/17/2016,53,307.0966312
USGS,1435000,6/18/2016,50.4,214.9958936
USGS,1435000,6/19/2016,49,167.3563633
USGS,1435000,6/20/2016,46.6,138.2923652
USGS,1435000,6/21/2016,44.5,175.0549679
USGS,1435000,6/22/2016,43,139.8815267
USGS,1435000,6/23/2016,42,128.3689345
USGS,1435000,6/24/2016,40.7,120.1406094
USGS,1435000,6/25/2016,40.6,114.772775
USGS,1435000,6/26/2016,39.9,109.1577377
USGS,1435000,6/27/2016,42.7,231.0993968
USGS,1435000,6/28/2016,59,418.832342
USGS,1435000,6/29/2016,51.9,280.398718
USGS,1435000,6/30/2016,41.6,235.549049
USGS,1435000,7/1/2016,38.6,166.0144047
USGS,1435000,7/2/2016,39.2,132.8185867
USGS,1435000,7/3/2016,36.1,123.7073941
USGS,1435000,7/4/2016,34.6,143.5542555
USGS,1435000,7/5/2016,34.9,177.2444793
USGS,1435000,7/6/2016,33,166.2616076
USGS,1435000,7/7/2016,31.6,568.919817
USGS,1435000,7/8/2016,36.7,422.010665
USGS,1435000,7/9/2016,226,280.3280886
USGS,1435000,7/10/2016,252,193.7717589
USGS,1435000,7/11/2016,91,157.6448208
USGS,1435000,7/12/2016,61.2,170.6053157
USGS,1435000,7/13/2016,51.1,191.1231564
USGS,1435000,7/14/2016,60.8,257.7266806
USGS,1435000,7/15/2016,75.4,249.674929
USGS,1435000,7/16/2016,57.9,239.3277219
USGS,1435000,7/17/2016,96.5,313.947683
USGS,1435000,7/18/2016,63.6,241.2347157
USGS,1435000,7/19/2016,56.7,182.4357402
USGS,1435000,7/20/2016,50,146.5913197
USGS,1435000,7/21/2016,46,132.0416633
USGS,1435000,7/22/2016,45.5,122.6126384
USGS,1435000,7/23/2016,44.8,115.3378102
USGS,1435000,7/24/2016,39.7,109.47557
USGS,1435000,7/25/2016,43.7,104.4608826
USGS,1435000,7/26/2016,48.5,104.178365
USGS,1435000,7/27/2016,39.3,98.9517894
USGS,1435000,7/28/2016,36.6,94.4668225
USGS,1435000,7/29/2016,36.4,92.6657728
USGS,1435000,7/30/2016,36.2,104.8140296
USGS,1435000,7/31/2016,74,114.8434044
USGS,1435000,8/1/2016,58.7,105.3437501
USGS,1435000,8/2/2016,66.7,97.7157749
USGS,1435000,8/3/2016,56,92.4538846
USGS,1435000,8/4/2016,43.8,92.171367
USGS,1435000,8/5/2016,39.1,91.7829053
USGS,1435000,8/6/2016,36.4,91.2531848
USGS,1435000,8/7/2016,34.5,90.7234643
USGS,1435000,8/8/2016,32.2,90.2643732
USGS,1435000,8/9/2016,31.1,89.7346527
USGS,1435000,8/10/2016,108,89.2049322
USGS,1435000,8/11/2016,72.9,88.6045823
USGS,1435000,8/12/2016,61.8,88.0042324
USGS,1435000,8/13/2016,128,88.0042324
USGS,1435000,8/14/2016,206,87.7570295
USGS,1435000,8/15/2016,149,87.4745119
USGS,1435000,8/16/2016,101,86.9801061
USGS,1435000,8/17/2016,87.8,86.3797562
USGS,1435000,8/18/2016,74.6,85.7087769
USGS,1435000,8/19/2016,66.4,85.2143711
USGS,1435000,8/20/2016,59.4,84.5787065
USGS,1435000,8/21/2016,60.9,83.8724125
USGS,1435000,8/22/2016,75.2,83.0601744
USGS,1435000,8/23/2016,56.6,82.2126216
USGS,1435000,8/24/2016,51.3,81.3297541
USGS,1435000,8/25/2016,50.1,80.4115719
USGS,1435000,8/26/2016,49.2,79.4933897
USGS,1435000,8/27/2016,46.2,79.7052779
USGS,1435000,8/28/2016,43.4,79.9524808
USGS,1435000,8/29/2016,41.1,192.1472827
USGS,1435000,8/30/2016,39.8,346.2959482
USGS,1435000,8/31/2016,39.1,197.9035788
USGS,1435000,9/1/2016,40,120.776274
USGS,1435000,9/2/2016,37.9,84.6846506
USGS,1435000,9/3/2016,36.3,83.342692
USGS,1435000,9/4/2016,34.8,83.1308038
USGS,1435000,9/5/2016,33.7,82.7070274
USGS,1435000,9/6/2016,32.5,82.1419922
USGS,1435000,9/7/2016,31.9,81.5063276
USGS,1435000,9/8/2016,36.5,80.8000336
USGS,1435000,9/9/2016,47.8,80.0584249
USGS,1435000,9/10/2016,35.9,79.3168162
USGS,1435000,9/11/2016,37.3,78.5398928
USGS,1435000,9/12/2016,34.4,77.7629694
USGS,1435000,9/13/2016,31.4,77.3745077
USGS,1435000,9/14/2016,30.2,76.8801019
USGS,1435000,9/15/2016,29.2,76.6682137
USGS,1435000,9/16/2016,28,76.3503814
USGS,1435000,9/17/2016,27.8,75.8559756
USGS,1435000,9/18/2016,29,75.220311
USGS,1435000,9/19/2016,45.2,75.0084228
USGS,1435000,9/20/2016,38.1,74.5493317
USGS,1435000,9/21/2016,30.1,73.9489818
USGS,1435000,9/22/2016,26.5,73.2426878
USGS,1435000,9/23/2016,24.5,72.4657644
USGS,1435000,9/24/2016,23,71.6535263
USGS,1435000,9/25/2016,21.9,72.2891909
USGS,1435000,9/26/2016,21,72.395135
USGS,1435000,9/27/2016,26,72.1479321
USGS,1435000,9/28/2016,23.7,72.7129673
USGS,1435000,9/29/2016,21.9,72.7835967
USGS,1435000,9/30/2016,20.8,72.5010791
USGS,1435000,10/1/2016,21,72.0066733
USGS,1435000,10/2/2016,21.6,71.335694
USGS,1435000,10/3/2016,21.5,70.5940853
USGS,1435000,10/4/2016,20.6,69.7818472
USGS,1435000,10/5/2016,20.1,68.9696091
USGS,1435000,10/6/2016,19.3,178.6217526
USGS,1435000,10/7/2016,18.8,1917.235063
USGS,1435000,10/8/2016,18.9,1327.83272
USGS,1435000,10/9/2016,19.8,850.377976
USGS,1435000,10/10/2016,19.1,539.255469
USGS,1435000,10/11/2016,19.6,1413.294294
USGS,1435000,10/12/2016,19.5,1044.608826
USGS,1435000,10/13/2016,19.5,1442.252348
USGS,1435000,10/14/2016,19.8,1144.902574
USGS,1435000,10/15/2016,19.3,749.731081
USGS,1435000,10/16/2016,19.3,484.517684
USGS,1435000,10/17/2016,20.1,334.7127266
USGS,1435000,10/18/2016,20.3,210.4402973
USGS,1435000,10/19/2016,20,144.3664936
USGS,1435000,10/20/2016,20.2,109.9346611
USGS,1435000,10/21/2016,21.4,558.678554
USGS,1435000,10/22/2016,33.5,519.12609
USGS,1435000,10/23/2016,34.7,376.807849
USGS,1435000,10/24/2016,27.4,770.919901
USGS,1435000,10/25/2016,23,557.619113
USGS,1435000,10/26/2016,21,367.27288
USGS,1435000,10/27/2016,27.1,240.9875128
USGS,1435000,10/28/2016,67.6,172.7241977
USGS,1435000,10/29/2016,42.8,134.7962099
USGS,1435000,10/30/2016,40,120.8115887
USGS,1435000,10/31/2016,38.7,118.2336156
USGS,1435000,11/1/2016,30.5,112.9010959
USGS,1435000,11/2/2016,26.3,105.2731207
USGS,1435000,11/3/2016,24.8,99.4815099
USGS,1435000,11/4/2016,23.3,94.5021372
USGS,1435000,11/5/2016,21.4,155.9850299
USGS,1435000,11/6/2016,20.6,122.5066943
USGS,1435000,11/7/2016,20,110.3584375
USGS,1435000,11/8/2016,19.2,151.3234895
USGS,1435000,11/9/2016,20,155.1021624
USGS,1435000,11/10/2016,19.3,123.1423589
USGS,1435000,11/11/2016,18.3,112.3713754
USGS,1435000,11/12/2016,18.1,104.0017915
USGS,1435000,11/13/2016,18.2,97.8570337
USGS,1435000,11/14/2016,17.8,117.597951
USGS,1435000,11/15/2016,40.8,689.696091
USGS,1435000,11/16/2016,96.4,486.636566
USGS,1435000,11/17/2016,48,317.0906913
USGS,1435000,11/18/2016,34,211.0406472
USGS,1435000,11/19/2016,28.3,156.5853798
USGS,1435000,11/20/2016,30.9,126.6385142
USGS,1435000,11/21/2016,28.7,446.024661
USGS,1435000,11/22/2016,26.8,291.9466249
USGS,1435000,11/23/2016,25.3,196.8441378
USGS,1435000,11/24/2016,24.9,149.0633487
USGS,1435000,11/25/2016,26.7,126.8504024
USGS,1435000,11/26/2016,32.6,117.6685804
USGS,1435000,11/27/2016,33.8,173.3598623
USGS,1435000,11/28/2016,31.7,659.678596
USGS,1435000,11/29/2016,342,801.290543
USGS,1435000,11/30/2016,549,532.192529
USGS,1435000,12/1/2016,824,353.853294
USGS,1435000,12/2/2016,388,235.4077902
USGS,1435000,12/3/2016,251,176.7147588
USGS,1435000,12/4/2016,188,141.5413176
USGS,1435000,12/5/2016,162,129.1105432
USGS,1435000,12/6/2016,139,120.2112388
USGS,1435000,12/7/2016,135,113.4308164
USGS,1435000,12/8/2016,121,107.4273174
USGS,1435000,12/9/2016,110,102.4832594
USGS,1435000,12/10/2016,98.9,98.1042366
USGS,1435000,12/11/2016,90.1,94.1843049
USGS,1435000,12/12/2016,97.7,92.5598287
USGS,1435000,12/13/2016,92,92.2066817
USGS,1435000,12/14/2016,87.2,91.7122759
USGS,1435000,12/15/2016,71.7,632.839424
USGS,1435000,12/16/2016,67.1,408.591079
USGS,1435000,12/17/2016,84.8,261.0109477
USGS,1435000,12/18/2016,689,174.5252474
USGS,1435000,12/19/2016,444,129.8521519
USGS,1435000,12/20/2016,294,115.1965514
USGS,1435000,12/21/2016,234,106.1206735
USGS,1435000,12/22/2016,207,99.4108805
USGS,1435000,12/23/2016,174,93.6545844
USGS,1435000,12/24/2016,168,260.5871713
USGS,1435000,12/25/2016,167,213.653935
USGS,1435000,12/26/2016,148,148.4629988
USGS,1435000,12/27/2016,195,118.7280214
USGS,1435000,12/28/2016,204,364.800851
USGS,1435000,12/29/2016,175,242.8945066
USGS,1435000,12/30/2016,160,168.1686014
USGS,1435000,12/31/2016,143,143
